pair_id,source,model_id,lineage,status,target_score
STAG2_to_STAG1,Avana,ACH-000004,Myeloid,intact,0.2055841703711736
PDS5B_to_PDS5A,Avana,ACH-000004,Myeloid,intact,-0.5127782580902259
STAG2_to_STAG1,Avana,ACH-000005,Myeloid,intact,-0.021625329409434742
PDS5B_to_PDS5A,Avana,ACH-000005,Myeloid,intact,-0.6885422169449749
STAG2_to_STAG1,Avana,ACH-000007,Bowel,intact,0.35716517966561595
PDS5B_to_PDS5A,Avana,ACH-000007,Bowel,intact,-0.23188635104293812
STAG2_to_STAG1,Avana,ACH-000009,Bowel,intact,-0.16402821917112875
PDS5B_to_PDS5A,Avana,ACH-000009,Bowel,intact,-0.2158106911406475
STAG2_to_STAG1,Avana,ACH-000011,Bladder/Urinary Tract,intact,0.006119820765138437
PDS5B_to_PDS5A,Avana,ACH-000011,Bladder/Urinary Tract,intact,-2.1131936444580894
STAG2_to_STAG1,Avana,ACH-000012,Lung,intact,-0.1083461100458353
PDS5B_to_PDS5A,Avana,ACH-000012,Lung,intact,-0.12654801859428308
STAG2_to_STAG1,Avana,ACH-000013,Ovary/Fallopian Tube,intact,-0.028817556760346825
PDS5B_to_PDS5A,Avana,ACH-000013,Ovary/Fallopian Tube,intact,-0.5670173448256475
STAG2_to_STAG1,Avana,ACH-000015,Lung,intact,-0.520415355709904
PDS5B_to_PDS5A,Avana,ACH-000015,Lung,intact,-0.2061254977132787
STAG2_to_STAG1,Avana,ACH-000017,Breast,intact,0.17294156316375187
PDS5B_to_PDS5A,Avana,ACH-000017,Breast,intact,0.2655796312123435
STAG2_to_STAG1,Avana,ACH-000018,Bladder/Urinary Tract,intact,-0.13474408978353128
PDS5B_to_PDS5A,Avana,ACH-000018,Bladder/Urinary Tract,intact,-0.15911000396667047
STAG2_to_STAG1,Avana,ACH-000019,Breast,intact,-0.011684619850665212
PDS5B_to_PDS5A,Avana,ACH-000019,Breast,intact,-0.38864582931903735
STAG2_to_STAG1,Avana,ACH-000021,Lung,intact,-0.23160664131344832
PDS5B_to_PDS5A,Avana,ACH-000021,Lung,intact,-0.2196997527576451
STAG2_to_STAG1,Avana,ACH-000022,Pancreas,intact,-0.5089289389533116
PDS5B_to_PDS5A,Avana,ACH-000022,Pancreas,intact,-0.28056073961985484
STAG2_to_STAG1,Avana,ACH-000024,Lymphoid,intact,-0.10842611236519115
PDS5B_to_PDS5A,Avana,ACH-000024,Lymphoid,intact,-1.8247814419487143
STAG2_to_STAG1,Avana,ACH-000025,CNS/Brain,intact,-0.4840905584018999
PDS5B_to_PDS5A,Avana,ACH-000025,CNS/Brain,intact,-1.2975201482496388
STAG2_to_STAG1,Avana,ACH-000028,Breast,intact,-0.49743354313977584
PDS5B_to_PDS5A,Avana,ACH-000028,Breast,intact,-0.34544640641098917
STAG2_to_STAG1,Avana,ACH-000029,Lung,intact,0.18207928465957665
PDS5B_to_PDS5A,Avana,ACH-000029,Lung,intact,-0.38946843670903186
STAG2_to_STAG1,Avana,ACH-000030,Lung,intact,0.07333542860693179
PDS5B_to_PDS5A,Avana,ACH-000030,Lung,intact,-0.7698320707503719
STAG2_to_STAG1,Avana,ACH-000035,Lung,intact,-0.1110383026573505
PDS5B_to_PDS5A,Avana,ACH-000035,Lung,intact,-0.40694283336136755
STAG2_to_STAG1,Avana,ACH-000036,CNS/Brain,intact,-0.27980368879321077
PDS5B_to_PDS5A,Avana,ACH-000036,CNS/Brain,intact,-0.11560061877023778
STAG2_to_STAG1,Avana,ACH-000037,Soft Tissue,intact,0.0037350544821202827
PDS5B_to_PDS5A,Avana,ACH-000037,Soft Tissue,intact,-0.49134134484667547
STAG2_to_STAG1,Avana,ACH-000039,Bone,intact,-0.13461114487922976
PDS5B_to_PDS5A,Avana,ACH-000039,Bone,intact,0.06945034497102485
STAG2_to_STAG1,Avana,ACH-000040,CNS/Brain,intact,-0.15746102570587672
PDS5B_to_PDS5A,Avana,ACH-000040,CNS/Brain,intact,-0.5713673196859914
STAG2_to_STAG1,Avana,ACH-000041,Bone,intact,-1.3288106334861967
PDS5B_to_PDS5A,Avana,ACH-000041,Bone,intact,-0.023952295463515877
STAG2_to_STAG1,Avana,ACH-000042,Pancreas,intact,-0.3045354790716772
PDS5B_to_PDS5A,Avana,ACH-000042,Pancreas,intact,-0.15792986855817093
STAG2_to_STAG1,Avana,ACH-000045,Myeloid,intact,-0.10851310916810594
PDS5B_to_PDS5A,Avana,ACH-000045,Myeloid,intact,-1.11720767907542
STAG2_to_STAG1,Avana,ACH-000047,Esophagus/Stomach,intact,0.09854714502721727
PDS5B_to_PDS5A,Avana,ACH-000047,Esophagus/Stomach,intact,-0.9007624843868011
STAG2_to_STAG1,Avana,ACH-000048,Ovary/Fallopian Tube,intact,-0.3768723884453743
PDS5B_to_PDS5A,Avana,ACH-000048,Ovary/Fallopian Tube,intact,-0.68291237199773
STAG2_to_STAG1,Avana,ACH-000052,Bone,intact,-0.3043890214938205
PDS5B_to_PDS5A,Avana,ACH-000052,Bone,intact,0.08970125082394051
STAG2_to_STAG1,Avana,ACH-000053,Lymphoid,intact,-0.20794245103752743
PDS5B_to_PDS5A,Avana,ACH-000053,Lymphoid,intact,-0.1496656254241157
STAG2_to_STAG1,Avana,ACH-000054,Soft Tissue,intact,-0.09907098592937352
PDS5B_to_PDS5A,Avana,ACH-000054,Soft Tissue,intact,-0.13178311308280663
STAG2_to_STAG1,Avana,ACH-000055,CNS/Brain,intact,-1.0740172071350844
PDS5B_to_PDS5A,Avana,ACH-000055,CNS/Brain,intact,-0.36467895492993535
STAG2_to_STAG1,Avana,ACH-000060,Pancreas,intact,-0.16331311391780504
PDS5B_to_PDS5A,Avana,ACH-000060,Pancreas,intact,-1.6200549603662795
STAG2_to_STAG1,Avana,ACH-000067,CNS/Brain,intact,-0.2321494803865525
PDS5B_to_PDS5A,Avana,ACH-000067,CNS/Brain,intact,-0.1166730459037954
STAG2_to_STAG1,Avana,ACH-000070,Lymphoid,intact,0.3053106194175328
PDS5B_to_PDS5A,Avana,ACH-000070,Lymphoid,intact,-0.27995122311435816
STAG2_to_STAG1,Avana,ACH-000074,Myeloid,intact,-0.7750959606900324
PDS5B_to_PDS5A,Avana,ACH-000074,Myeloid,intact,0.08727486496363122
STAG2_to_STAG1,Avana,ACH-000075,CNS/Brain,intact,-0.08710149757019325
PDS5B_to_PDS5A,Avana,ACH-000075,CNS/Brain,intact,-0.18875673458181721
STAG2_to_STAG1,Avana,ACH-000076,Myeloid,intact,-0.3080811074480097
PDS5B_to_PDS5A,Avana,ACH-000076,Myeloid,intact,-1.845100370491625
STAG2_to_STAG1,Avana,ACH-000077,Lymphoid,intact,0.01297330908301439
PDS5B_to_PDS5A,Avana,ACH-000077,Lymphoid,intact,0.09132539479758647
STAG2_to_STAG1,Avana,ACH-000078,Peripheral Nervous System,intact,0.1262123780358128
PDS5B_to_PDS5A,Avana,ACH-000078,Peripheral Nervous System,intact,-0.16100448830327377
STAG2_to_STAG1,Avana,ACH-000082,Bone,intact,-0.3382668931643054
PDS5B_to_PDS5A,Avana,ACH-000082,Bone,intact,-0.34601296596834435
STAG2_to_STAG1,Avana,ACH-000085,Pancreas,intact,-0.051076151857962784
PDS5B_to_PDS5A,Avana,ACH-000085,Pancreas,intact,-0.08010145044951322
STAG2_to_STAG1,Avana,ACH-000086,Pleura,intact,-0.20157819217909445
PDS5B_to_PDS5A,Avana,ACH-000086,Pleura,intact,0.16941440156304746
STAG2_to_STAG1,Avana,ACH-000090,Prostate,intact,0.1682498199381306
PDS5B_to_PDS5A,Avana,ACH-000090,Prostate,intact,-0.5203607135093207
STAG2_to_STAG1,Avana,ACH-000092,Pleura,intact,-0.2640168693863334
PDS5B_to_PDS5A,Avana,ACH-000092,Pleura,intact,-0.1311701892107529
STAG2_to_STAG1,Avana,ACH-000093,Pancreas,intact,-0.170181705011505
PDS5B_to_PDS5A,Avana,ACH-000093,Pancreas,intact,-1.0195206210468455
STAG2_to_STAG1,Avana,ACH-000095,CNS/Brain,intact,-0.5830669290900576
PDS5B_to_PDS5A,Avana,ACH-000095,CNS/Brain,intact,-0.16249071429488093
STAG2_to_STAG1,Avana,ACH-000097,Breast,intact,0.2735441302063335
PDS5B_to_PDS5A,Avana,ACH-000097,Breast,intact,-0.7940748214207947
STAG2_to_STAG1,Avana,ACH-000098,CNS/Brain,intact,-0.045563276581174525
PDS5B_to_PDS5A,Avana,ACH-000098,CNS/Brain,intact,-1.272770264680466
STAG2_to_STAG1,Avana,ACH-000099,Peripheral Nervous System,intact,-0.338103169682945
PDS5B_to_PDS5A,Avana,ACH-000099,Peripheral Nervous System,intact,-0.18056164985176876
STAG2_to_STAG1,Avana,ACH-000101,Lymphoid,intact,0.2499949844063633
PDS5B_to_PDS5A,Avana,ACH-000101,Lymphoid,intact,-0.11216277596586051
STAG2_to_STAG1,Avana,ACH-000108,Pancreas,intact,0.04200967380451305
PDS5B_to_PDS5A,Avana,ACH-000108,Pancreas,intact,-0.2955756783408253
STAG2_to_STAG1,Avana,ACH-000111,Breast,intact,-0.5906851878235264
PDS5B_to_PDS5A,Avana,ACH-000111,Breast,intact,0.471517383390474
STAG2_to_STAG1,Avana,ACH-000113,Myeloid,intact,0.053470137971035836
PDS5B_to_PDS5A,Avana,ACH-000113,Myeloid,intact,-1.7330405309076649
STAG2_to_STAG1,Avana,ACH-000114,Pancreas,intact,-0.6146004105762106
PDS5B_to_PDS5A,Avana,ACH-000114,Pancreas,intact,-0.3137126333336928
STAG2_to_STAG1,Avana,ACH-000115,Prostate,intact,-0.5397300563244447
PDS5B_to_PDS5A,Avana,ACH-000115,Prostate,intact,-0.4334107028325258
STAG2_to_STAG1,Avana,ACH-000118,Pancreas,intact,0.02682657297069333
PDS5B_to_PDS5A,Avana,ACH-000118,Pancreas,intact,-0.43204701496979525
STAG2_to_STAG1,Avana,ACH-000120,Peripheral Nervous System,intact,-0.4549591093263625
PDS5B_to_PDS5A,Avana,ACH-000120,Peripheral Nervous System,intact,-0.5614572388902702
STAG2_to_STAG1,Avana,ACH-000123,Ovary/Fallopian Tube,intact,-0.5620344905161133
PDS5B_to_PDS5A,Avana,ACH-000123,Ovary/Fallopian Tube,intact,-1.3039019162782681
STAG2_to_STAG1,Avana,ACH-000127,Bladder/Urinary Tract,intact,-0.4228329884518729
PDS5B_to_PDS5A,Avana,ACH-000127,Bladder/Urinary Tract,intact,-0.8938726802665924
STAG2_to_STAG1,Avana,ACH-000128,CNS/Brain,intact,-0.47261333412211937
PDS5B_to_PDS5A,Avana,ACH-000128,CNS/Brain,intact,-0.39644918454969413
STAG2_to_STAG1,Avana,ACH-000132,Ovary/Fallopian Tube,intact,0.1334979894181742
PDS5B_to_PDS5A,Avana,ACH-000132,Ovary/Fallopian Tube,intact,-0.22783521420717795
STAG2_to_STAG1,Avana,ACH-000133,Soft Tissue,intact,-0.08239160449469382
PDS5B_to_PDS5A,Avana,ACH-000133,Soft Tissue,intact,-0.7764354396623476
STAG2_to_STAG1,Avana,ACH-000137,CNS/Brain,intact,0.03712655660566347
PDS5B_to_PDS5A,Avana,ACH-000137,CNS/Brain,intact,-0.3030550543438494
STAG2_to_STAG1,Avana,ACH-000138,Pancreas,intact,-0.13059909508455372
PDS5B_to_PDS5A,Avana,ACH-000138,Pancreas,intact,0.3170064679201155
STAG2_to_STAG1,Avana,ACH-000141,Biliary Tract,intact,-0.14167855766222612
PDS5B_to_PDS5A,Avana,ACH-000141,Biliary Tract,intact,-0.6731729967749505
STAG2_to_STAG1,Avana,ACH-000142,Bladder/Urinary Tract,intact,0.0834620790102432
PDS5B_to_PDS5A,Avana,ACH-000142,Bladder/Urinary Tract,intact,-0.6472724756920808
STAG2_to_STAG1,Avana,ACH-000143,Lung,intact,-0.8999022406323404
PDS5B_to_PDS5A,Avana,ACH-000143,Lung,intact,0.5787612753796841
STAG2_to_STAG1,Avana,ACH-000145,Soft Tissue,intact,0.06100928879772389
PDS5B_to_PDS5A,Avana,ACH-000145,Soft Tissue,intact,-0.4794768847939538
STAG2_to_STAG1,Avana,ACH-000146,Myeloid,intact,-0.1816607483858969
PDS5B_to_PDS5A,Avana,ACH-000146,Myeloid,intact,-0.339460668360874
STAG2_to_STAG1,Avana,ACH-000147,Breast,intact,-0.8170775768887295
PDS5B_to_PDS5A,Avana,ACH-000147,Breast,intact,0.13857936011525396
STAG2_to_STAG1,Avana,ACH-000148,Breast,intact,-0.5123583877914258
PDS5B_to_PDS5A,Avana,ACH-000148,Breast,intact,-0.8909068238168589
STAG2_to_STAG1,Avana,ACH-000151,Lymphoid,intact,0.012866271467148638
PDS5B_to_PDS5A,Avana,ACH-000151,Lymphoid,intact,-0.2401003536360567
STAG2_to_STAG1,Avana,ACH-000152,CNS/Brain,intact,-0.0759667298507871
PDS5B_to_PDS5A,Avana,ACH-000152,CNS/Brain,intact,-0.3029298549108361
STAG2_to_STAG1,Avana,ACH-000153,Pleura,intact,0.09803139092796623
PDS5B_to_PDS5A,Avana,ACH-000153,Pleura,intact,-0.7352675988436213
STAG2_to_STAG1,Avana,ACH-000159,Kidney,intact,0.20630476021787109
PDS5B_to_PDS5A,Avana,ACH-000159,Kidney,intact,-0.09847904508704347
STAG2_to_STAG1,Avana,ACH-000160,CNS/Brain,damaging,-0.38415134623578684
PDS5B_to_PDS5A,Avana,ACH-000160,CNS/Brain,intact,0.2942148928552578
STAG2_to_STAG1,Avana,ACH-000161,Lung,intact,-0.13081107955374535
PDS5B_to_PDS5A,Avana,ACH-000161,Lung,intact,-0.04779101701218466
STAG2_to_STAG1,Avana,ACH-000163,Head and Neck,intact,-0.21767187979770958
PDS5B_to_PDS5A,Avana,ACH-000163,Head and Neck,intact,-0.1762024268626238
STAG2_to_STAG1,Avana,ACH-000164,Pancreas,intact,-0.22125894260444237
PDS5B_to_PDS5A,Avana,ACH-000164,Pancreas,intact,-0.6841724412101269
STAG2_to_STAG1,Avana,ACH-000168,Myeloid,intact,-0.15572414270163915
PDS5B_to_PDS5A,Avana,ACH-000168,Myeloid,intact,-1.5154452440325525
STAG2_to_STAG1,Avana,ACH-000169,Soft Tissue,intact,-0.19233976906492656
PDS5B_to_PDS5A,Avana,ACH-000169,Soft Tissue,intact,-0.40977979912462503
STAG2_to_STAG1,Avana,ACH-000174,Thyroid,intact,-0.5843790544290863
PDS5B_to_PDS5A,Avana,ACH-000174,Thyroid,intact,-0.42277806129549056
STAG2_to_STAG1,Avana,ACH-000178,Pancreas,intact,-0.4611705790138081
PDS5B_to_PDS5A,Avana,ACH-000178,Pancreas,intact,-0.46112465436235617
STAG2_to_STAG1,Avana,ACH-000182,Ampulla of Vater,intact,-0.28818196080846814
PDS5B_to_PDS5A,Avana,ACH-000182,Ampulla of Vater,intact,0.08386781255370748
STAG2_to_STAG1,Avana,ACH-000183,Lymphoid,intact,-1.2625767978366795
PDS5B_to_PDS5A,Avana,ACH-000183,Lymphoid,intact,-2.213687593628938
STAG2_to_STAG1,Avana,ACH-000187,Lung,intact,-0.00334813284314181
PDS5B_to_PDS5A,Avana,ACH-000187,Lung,intact,-0.3626173159243713
STAG2_to_STAG1,Avana,ACH-000188,Head and Neck,intact,0.2925132743074152
PDS5B_to_PDS5A,Avana,ACH-000188,Head and Neck,intact,-0.7616485690846032
STAG2_to_STAG1,Avana,ACH-000189,Kidney,intact,0.14361149986712407
PDS5B_to_PDS5A,Avana,ACH-000189,Kidney,intact,-0.32177069416715254
STAG2_to_STAG1,Avana,ACH-000190,Myeloid,intact,-0.3595019422618062
PDS5B_to_PDS5A,Avana,ACH-000190,Myeloid,intact,-0.1870853249116324
STAG2_to_STAG1,Avana,ACH-000191,Thyroid,intact,-0.14847804247548207
PDS5B_to_PDS5A,Avana,ACH-000191,Thyroid,intact,-0.6418105544411503
STAG2_to_STAG1,Avana,ACH-000195,Myeloid,intact,-0.007653104002711117
PDS5B_to_PDS5A,Avana,ACH-000195,Myeloid,intact,-0.7293150182878326
STAG2_to_STAG1,Avana,ACH-000198,Myeloid,intact,-0.3879917271757659
PDS5B_to_PDS5A,Avana,ACH-000198,Myeloid,intact,-2.553928328633969
STAG2_to_STAG1,Avana,ACH-000200,CNS/Brain,intact,-0.017052807321052285
PDS5B_to_PDS5A,Avana,ACH-000200,CNS/Brain,intact,-0.06973258473390359
STAG2_to_STAG1,Avana,ACH-000202,Bowel,intact,-0.004217321734494475
PDS5B_to_PDS5A,Avana,ACH-000202,Bowel,intact,-0.2928267391811196
STAG2_to_STAG1,Avana,ACH-000204,Lymphoid,intact,-0.21749297886120017
PDS5B_to_PDS5A,Avana,ACH-000204,Lymphoid,intact,-0.17335906451051697
STAG2_to_STAG1,Avana,ACH-000206,Lymphoid,intact,-0.2962698261172618
PDS5B_to_PDS5A,Avana,ACH-000206,Lymphoid,intact,-0.7647087688446841
STAG2_to_STAG1,Avana,ACH-000207,Head and Neck,intact,-0.22871681887487397
PDS5B_to_PDS5A,Avana,ACH-000207,Head and Neck,intact,0.14369298198578623
STAG2_to_STAG1,Avana,ACH-000209,Biliary Tract,intact,0.4253681174154899
PDS5B_to_PDS5A,Avana,ACH-000209,Biliary Tract,intact,0.24402628788758388
STAG2_to_STAG1,Avana,ACH-000211,CNS/Brain,intact,-0.07414076096791389
PDS5B_to_PDS5A,Avana,ACH-000211,CNS/Brain,intact,-0.6421431258719816
STAG2_to_STAG1,Avana,ACH-000212,Breast,intact,-1.2187442446007415
PDS5B_to_PDS5A,Avana,ACH-000212,Breast,intact,-1.7787306664210405
STAG2_to_STAG1,Avana,ACH-000215,CNS/Brain,intact,-0.027260845944943962
PDS5B_to_PDS5A,Avana,ACH-000215,CNS/Brain,intact,-0.38148269209639885
STAG2_to_STAG1,Avana,ACH-000216,Esophagus/Stomach,intact,-0.261000963946182
PDS5B_to_PDS5A,Avana,ACH-000216,Esophagus/Stomach,intact,-0.09423611900848396
STAG2_to_STAG1,Avana,ACH-000217,Liver,intact,-0.16865178921181517
PDS5B_to_PDS5A,Avana,ACH-000217,Liver,intact,-0.9252605863554177
STAG2_to_STAG1,Avana,ACH-000219,Skin,intact,-0.39968062874767407
PDS5B_to_PDS5A,Avana,ACH-000219,Skin,intact,-0.4017252706288166
STAG2_to_STAG1,Avana,ACH-000221,Liver,intact,-0.20821386916223797
PDS5B_to_PDS5A,Avana,ACH-000221,Liver,intact,-0.5924145428655065
STAG2_to_STAG1,Avana,ACH-000222,Pancreas,intact,-0.027562967744745148
PDS5B_to_PDS5A,Avana,ACH-000222,Pancreas,intact,-0.3594208401471579
STAG2_to_STAG1,Avana,ACH-000223,Breast,intact,-0.14476118666912774
PDS5B_to_PDS5A,Avana,ACH-000223,Breast,intact,0.2651124894111539
STAG2_to_STAG1,Avana,ACH-000226,Lymphoid,intact,-1.8422900964755105
PDS5B_to_PDS5A,Avana,ACH-000226,Lymphoid,intact,-0.15343969204554242
STAG2_to_STAG1,Avana,ACH-000227,Peripheral Nervous System,intact,0.027629296328024744
PDS5B_to_PDS5A,Avana,ACH-000227,Peripheral Nervous System,intact,-0.14019472508363173
STAG2_to_STAG1,Avana,ACH-000228,Head and Neck,intact,-0.3158957008208408
PDS5B_to_PDS5A,Avana,ACH-000228,Head and Neck,intact,-0.5016359590929985
STAG2_to_STAG1,Avana,ACH-000231,CNS/Brain,intact,-0.3977306511598281
PDS5B_to_PDS5A,Avana,ACH-000231,CNS/Brain,intact,-0.509234589662315
STAG2_to_STAG1,Avana,ACH-000232,CNS/Brain,intact,-0.5936037939695766
PDS5B_to_PDS5A,Avana,ACH-000232,CNS/Brain,intact,-1.1006489734291773
STAG2_to_STAG1,Avana,ACH-000233,Lymphoid,damaging,-1.2690641722615257
PDS5B_to_PDS5A,Avana,ACH-000233,Lymphoid,intact,-0.4814612480030185
STAG2_to_STAG1,Avana,ACH-000234,Kidney,intact,-0.008351796145151816
PDS5B_to_PDS5A,Avana,ACH-000234,Kidney,intact,-0.05971740937024034
STAG2_to_STAG1,Avana,ACH-000235,Pancreas,intact,-0.3026515187323171
PDS5B_to_PDS5A,Avana,ACH-000235,Pancreas,intact,-0.8423260157419554
STAG2_to_STAG1,Avana,ACH-000237,Ovary/Fallopian Tube,intact,0.05471202378097091
PDS5B_to_PDS5A,Avana,ACH-000237,Ovary/Fallopian Tube,intact,-0.44150716417751956
STAG2_to_STAG1,Avana,ACH-000238,Head and Neck,intact,0.25063472027385136
PDS5B_to_PDS5A,Avana,ACH-000238,Head and Neck,intact,-1.2403483627323335
STAG2_to_STAG1,Avana,ACH-000243,Pancreas,intact,-0.10071889329186236
PDS5B_to_PDS5A,Avana,ACH-000243,Pancreas,intact,0.054099276336680206
STAG2_to_STAG1,Avana,ACH-000244,CNS/Brain,intact,0.08500838809037256
PDS5B_to_PDS5A,Avana,ACH-000244,CNS/Brain,intact,-0.3322624443954138
STAG2_to_STAG1,Avana,ACH-000246,Kidney,intact,0.4169850021970912
PDS5B_to_PDS5A,Avana,ACH-000246,Kidney,intact,-0.5715268370492033
STAG2_to_STAG1,Avana,ACH-000247,Esophagus/Stomach,intact,-0.5777183769066045
PDS5B_to_PDS5A,Avana,ACH-000247,Esophagus/Stomach,intact,-0.3306533813456056
STAG2_to_STAG1,Avana,ACH-000248,Breast,intact,-0.08068727421435531
PDS5B_to_PDS5A,Avana,ACH-000248,Breast,intact,-0.3692857058534769
STAG2_to_STAG1,Avana,ACH-000250,Kidney,intact,0.2070495960745262
PDS5B_to_PDS5A,Avana,ACH-000250,Kidney,intact,-0.6261526956910214
STAG2_to_STAG1,Avana,ACH-000251,Lung,intact,-0.3524867007051489
PDS5B_to_PDS5A,Avana,ACH-000251,Lung,intact,-0.41781729876187024
STAG2_to_STAG1,Avana,ACH-000252,Bowel,intact,-0.0336214566125
PDS5B_to_PDS5A,Avana,ACH-000252,Bowel,intact,0.04263916815446529
STAG2_to_STAG1,Avana,ACH-000253,Bowel,intact,-0.18528354999243793
PDS5B_to_PDS5A,Avana,ACH-000253,Bowel,intact,-0.0505091277658161
STAG2_to_STAG1,Avana,ACH-000255,Esophagus/Stomach,intact,0.08054193662293359
PDS5B_to_PDS5A,Avana,ACH-000255,Esophagus/Stomach,intact,0.23405339333838526
STAG2_to_STAG1,Avana,ACH-000256,Ovary/Fallopian Tube,intact,0.09989127899053413
PDS5B_to_PDS5A,Avana,ACH-000256,Ovary/Fallopian Tube,intact,-0.557689815384371
STAG2_to_STAG1,Avana,ACH-000257,Lung,intact,-0.6322785567820555
PDS5B_to_PDS5A,Avana,ACH-000257,Lung,intact,-1.4403537756106748
STAG2_to_STAG1,Avana,ACH-000258,Breast,intact,0.16503008938994948
PDS5B_to_PDS5A,Avana,ACH-000258,Breast,intact,-0.4825591475805909
STAG2_to_STAG1,Avana,ACH-000259,Peripheral Nervous System,intact,-0.045460249997107516
PDS5B_to_PDS5A,Avana,ACH-000259,Peripheral Nervous System,intact,0.14773846872288054
STAG2_to_STAG1,Avana,ACH-000260,Peripheral Nervous System,intact,-0.656500550686685
PDS5B_to_PDS5A,Avana,ACH-000260,Peripheral Nervous System,intact,-0.17385432783741006
STAG2_to_STAG1,Avana,ACH-000261,Lung,intact,-0.19320356567756305
PDS5B_to_PDS5A,Avana,ACH-000261,Lung,intact,-0.36478209439250303
STAG2_to_STAG1,Avana,ACH-000262,Kidney,intact,-0.16927308117242174
PDS5B_to_PDS5A,Avana,ACH-000262,Kidney,intact,-0.6313804922025409
STAG2_to_STAG1,Avana,ACH-000263,Myeloid,intact,0.023150947241941472
PDS5B_to_PDS5A,Avana,ACH-000263,Myeloid,intact,0.0039653922356563814
STAG2_to_STAG1,Avana,ACH-000264,Lung,intact,-0.07427490352157301
PDS5B_to_PDS5A,Avana,ACH-000264,Lung,intact,-1.0014833916274952
STAG2_to_STAG1,Avana,ACH-000265,Pancreas,intact,-0.3586421690788935
PDS5B_to_PDS5A,Avana,ACH-000265,Pancreas,intact,-0.7543415957527402
STAG2_to_STAG1,Avana,ACH-000266,Pancreas,intact,-0.08627220910794693
PDS5B_to_PDS5A,Avana,ACH-000266,Pancreas,intact,-0.08648430439626835
STAG2_to_STAG1,Avana,ACH-000272,Kidney,intact,0.07879492361723177
PDS5B_to_PDS5A,Avana,ACH-000272,Kidney,intact,-0.24884182667385618
STAG2_to_STAG1,Avana,ACH-000273,CNS/Brain,damaging,-0.13209008180145082
PDS5B_to_PDS5A,Avana,ACH-000273,CNS/Brain,intact,-0.530708757512715
STAG2_to_STAG1,Avana,ACH-000274,Skin,intact,-0.2085648593440755
PDS5B_to_PDS5A,Avana,ACH-000274,Skin,intact,-0.445222561539388
STAG2_to_STAG1,Avana,ACH-000276,Breast,intact,-0.5938873111560143
PDS5B_to_PDS5A,Avana,ACH-000276,Breast,intact,-0.48012028174966204
STAG2_to_STAG1,Avana,ACH-000277,Breast,intact,6.157057166905622e-05
PDS5B_to_PDS5A,Avana,ACH-000277,Breast,intact,-0.21662290039757565
STAG2_to_STAG1,Avana,ACH-000278,Ovary/Fallopian Tube,intact,-0.3299072154655158
PDS5B_to_PDS5A,Avana,ACH-000278,Ovary/Fallopian Tube,intact,-0.4815166449773187
STAG2_to_STAG1,Avana,ACH-000279,Bone,intact,-1.6373327666058444
PDS5B_to_PDS5A,Avana,ACH-000279,Bone,intact,-0.8269851610863411
STAG2_to_STAG1,Avana,ACH-000280,Ovary/Fallopian Tube,intact,-0.27975940892902457
PDS5B_to_PDS5A,Avana,ACH-000280,Ovary/Fallopian Tube,intact,-0.7300762903190223
STAG2_to_STAG1,Avana,ACH-000281,Pancreas,intact,-0.45359699850814394
PDS5B_to_PDS5A,Avana,ACH-000281,Pancreas,intact,-0.7401932481304447
STAG2_to_STAG1,Avana,ACH-000286,Bowel,intact,0.04542742547464481
PDS5B_to_PDS5A,Avana,ACH-000286,Bowel,intact,-0.919048692732368
STAG2_to_STAG1,Avana,ACH-000288,Breast,intact,-0.02822336324991305
PDS5B_to_PDS5A,Avana,ACH-000288,Breast,intact,-0.30925714013688577
STAG2_to_STAG1,Avana,ACH-000290,Lung,intact,-0.1237758088742336
PDS5B_to_PDS5A,Avana,ACH-000290,Lung,intact,-0.13044751258351492
STAG2_to_STAG1,Avana,ACH-000291,Ovary/Fallopian Tube,intact,-0.9601879228307206
PDS5B_to_PDS5A,Avana,ACH-000291,Ovary/Fallopian Tube,intact,-0.02418273895123578
STAG2_to_STAG1,Avana,ACH-000292,Lung,intact,-0.018968411068015695
PDS5B_to_PDS5A,Avana,ACH-000292,Lung,intact,-0.7336172116220849
STAG2_to_STAG1,Avana,ACH-000293,Uterus,intact,-0.1850071059390852
PDS5B_to_PDS5A,Avana,ACH-000293,Uterus,intact,-0.6551337048999448
STAG2_to_STAG1,Avana,ACH-000294,Myeloid,intact,0.002805373704151848
PDS5B_to_PDS5A,Avana,ACH-000294,Myeloid,intact,-0.6516849565049645
STAG2_to_STAG1,Avana,ACH-000295,Myeloid,intact,-0.09355131145917907
PDS5B_to_PDS5A,Avana,ACH-000295,Myeloid,intact,-0.38101639496888307
STAG2_to_STAG1,Avana,ACH-000296,Bowel,intact,-0.5395023645787269
PDS5B_to_PDS5A,Avana,ACH-000296,Bowel,intact,-0.8684532781980746
STAG2_to_STAG1,Avana,ACH-000302,Uterus,intact,-0.10752189509386909
PDS5B_to_PDS5A,Avana,ACH-000302,Uterus,intact,-1.0171051450619162
STAG2_to_STAG1,Avana,ACH-000303,Esophagus/Stomach,intact,-1.0862658814061783
PDS5B_to_PDS5A,Avana,ACH-000303,Esophagus/Stomach,intact,-0.13380206137878142
STAG2_to_STAG1,Avana,ACH-000304,Skin,intact,-0.08623182623759897
PDS5B_to_PDS5A,Avana,ACH-000304,Skin,intact,-0.6937640304066551
STAG2_to_STAG1,Avana,ACH-000305,Esophagus/Stomach,intact,-0.07596159115003823
PDS5B_to_PDS5A,Avana,ACH-000305,Esophagus/Stomach,intact,-0.34972969883728927
STAG2_to_STAG1,Avana,ACH-000307,Pancreas,intact,0.04616367822031181
PDS5B_to_PDS5A,Avana,ACH-000307,Pancreas,intact,0.22136100572905953
STAG2_to_STAG1,Avana,ACH-000308,Ovary/Fallopian Tube,intact,-0.29711708467252884
PDS5B_to_PDS5A,Avana,ACH-000308,Ovary/Fallopian Tube,intact,-0.5053217062901432
STAG2_to_STAG1,Avana,ACH-000310,Peripheral Nervous System,intact,0.05280373535791554
PDS5B_to_PDS5A,Avana,ACH-000310,Peripheral Nervous System,intact,-0.36494839615515196
STAG2_to_STAG1,Avana,ACH-000311,Lung,intact,0.03515688579685336
PDS5B_to_PDS5A,Avana,ACH-000311,Lung,intact,-0.2168828716391451
STAG2_to_STAG1,Avana,ACH-000312,Peripheral Nervous System,intact,-0.06814073506650267
PDS5B_to_PDS5A,Avana,ACH-000312,Peripheral Nervous System,intact,-0.14876968358427545
STAG2_to_STAG1,Avana,ACH-000313,Kidney,intact,-0.11552510725766753
PDS5B_to_PDS5A,Avana,ACH-000313,Kidney,intact,-0.15262152442092264
STAG2_to_STAG1,Avana,ACH-000315,Lymphoid,intact,-0.43729247351648226
PDS5B_to_PDS5A,Avana,ACH-000315,Lymphoid,intact,-0.19420184300134835
STAG2_to_STAG1,Avana,ACH-000316,Liver,intact,0.025535066059701197
PDS5B_to_PDS5A,Avana,ACH-000316,Liver,intact,-1.1823054645833753
STAG2_to_STAG1,Avana,ACH-000317,Kidney,intact,-0.5054614737989231
PDS5B_to_PDS5A,Avana,ACH-000317,Kidney,intact,-1.4059338539811588
STAG2_to_STAG1,Avana,ACH-000318,Esophagus/Stomach,intact,-0.25636386765393526
PDS5B_to_PDS5A,Avana,ACH-000318,Esophagus/Stomach,intact,-0.7508721328326184
STAG2_to_STAG1,Avana,ACH-000319,Pleura,intact,0.07311713462796474
PDS5B_to_PDS5A,Avana,ACH-000319,Pleura,intact,-0.4595882234591619
STAG2_to_STAG1,Avana,ACH-000320,Pancreas,intact,-0.010338256918805987
PDS5B_to_PDS5A,Avana,ACH-000320,Pancreas,intact,-0.19853364814590496
STAG2_to_STAG1,Avana,ACH-000322,Skin,intact,-0.3233657620098054
PDS5B_to_PDS5A,Avana,ACH-000322,Skin,intact,-1.7662602677619614
STAG2_to_STAG1,Avana,ACH-000323,CNS/Brain,damaging,-0.8910395006201295
PDS5B_to_PDS5A,Avana,ACH-000323,CNS/Brain,intact,-1.0912558227111355
STAG2_to_STAG1,Avana,ACH-000324,Ovary/Fallopian Tube,intact,0.24434537927293032
PDS5B_to_PDS5A,Avana,ACH-000324,Ovary/Fallopian Tube,intact,-0.3283860429616399
STAG2_to_STAG1,Avana,ACH-000325,Esophagus/Stomach,intact,0.05294092241392743
PDS5B_to_PDS5A,Avana,ACH-000325,Esophagus/Stomach,intact,0.48013555032249533
STAG2_to_STAG1,Avana,ACH-000326,Myeloid,intact,-0.25506620971979865
PDS5B_to_PDS5A,Avana,ACH-000326,Myeloid,intact,-0.25477384685807475
STAG2_to_STAG1,Avana,ACH-000329,CNS/Brain,intact,-0.10570571571625768
PDS5B_to_PDS5A,Avana,ACH-000329,CNS/Brain,intact,-0.5228196812262705
STAG2_to_STAG1,Avana,ACH-000330,Breast,intact,-0.44481756778457937
PDS5B_to_PDS5A,Avana,ACH-000330,Breast,intact,-0.11360178326374276
STAG2_to_STAG1,Avana,ACH-000331,Pleura,intact,-0.20880412485598437
PDS5B_to_PDS5A,Avana,ACH-000331,Pleura,intact,0.17345580203914895
STAG2_to_STAG1,Avana,ACH-000332,Pancreas,intact,0.046386807111750805
PDS5B_to_PDS5A,Avana,ACH-000332,Pancreas,intact,0.6894237421309293
STAG2_to_STAG1,Avana,ACH-000334,Lymphoid,intact,-0.01704122173242073
PDS5B_to_PDS5A,Avana,ACH-000334,Lymphoid,intact,-0.18214774358939623
STAG2_to_STAG1,Avana,ACH-000335,Pleura,intact,-0.15381996288333039
PDS5B_to_PDS5A,Avana,ACH-000335,Pleura,intact,-0.6423189770709014
STAG2_to_STAG1,Avana,ACH-000336,Myeloid,intact,0.2480201881341268
PDS5B_to_PDS5A,Avana,ACH-000336,Myeloid,intact,-0.2053042377439018
STAG2_to_STAG1,Avana,ACH-000337,Lung,intact,0.05107967676820643
PDS5B_to_PDS5A,Avana,ACH-000337,Lung,intact,-0.26554847765194217
STAG2_to_STAG1,Avana,ACH-000339,Lung,intact,-0.29124085060230576
PDS5B_to_PDS5A,Avana,ACH-000339,Lung,intact,-0.4236577985290644
STAG2_to_STAG1,Avana,ACH-000341,Peripheral Nervous System,intact,0.046310346231446295
PDS5B_to_PDS5A,Avana,ACH-000341,Peripheral Nervous System,intact,0.09693181518807403
STAG2_to_STAG1,Avana,ACH-000343,Lung,intact,-0.1379864280608731
PDS5B_to_PDS5A,Avana,ACH-000343,Lung,intact,-0.3463999613887934
STAG2_to_STAG1,Avana,ACH-000344,Esophagus/Stomach,intact,-0.25364826902045845
PDS5B_to_PDS5A,Avana,ACH-000344,Esophagus/Stomach,intact,-0.7833108357286321
STAG2_to_STAG1,Avana,ACH-000346,Lymphoid,intact,-0.23033761886524395
PDS5B_to_PDS5A,Avana,ACH-000346,Lymphoid,intact,-0.12930132442272957
STAG2_to_STAG1,Avana,ACH-000348,Skin,intact,-0.025689420637512672
PDS5B_to_PDS5A,Avana,ACH-000348,Skin,intact,-0.9258215052652664
STAG2_to_STAG1,Avana,ACH-000350,Bowel,intact,-0.662889901922422
PDS5B_to_PDS5A,Avana,ACH-000350,Bowel,intact,0.6740233229135926
STAG2_to_STAG1,Avana,ACH-000352,Breast,intact,-0.25190995700692514
PDS5B_to_PDS5A,Avana,ACH-000352,Breast,intact,-0.062157748628807796
STAG2_to_STAG1,Avana,ACH-000355,Lung,intact,-0.26582645211311023
PDS5B_to_PDS5A,Avana,ACH-000355,Lung,intact,-2.3576136632228035
STAG2_to_STAG1,Avana,ACH-000356,Esophagus/Stomach,intact,-0.06079466093443882
PDS5B_to_PDS5A,Avana,ACH-000356,Esophagus/Stomach,intact,-0.3531607480700764
STAG2_to_STAG1,Avana,ACH-000359,Bone,intact,-0.25524540711080057
PDS5B_to_PDS5A,Avana,ACH-000359,Bone,intact,-0.10129849413910998
STAG2_to_STAG1,Avana,ACH-000361,Liver,intact,-0.04050400022503231
PDS5B_to_PDS5A,Avana,ACH-000361,Liver,intact,-0.2792661095432142
STAG2_to_STAG1,Avana,ACH-000362,Myeloid,intact,-0.041357343436163346
PDS5B_to_PDS5A,Avana,ACH-000362,Myeloid,intact,-1.8427025544951192
STAG2_to_STAG1,Avana,ACH-000363,Lymphoid,intact,-0.10804062871085075
PDS5B_to_PDS5A,Avana,ACH-000363,Lymphoid,intact,0.1036832385905848
STAG2_to_STAG1,Avana,ACH-000364,Bone,intact,-0.5214106256929028
PDS5B_to_PDS5A,Avana,ACH-000364,Bone,intact,-0.37223388157186493
STAG2_to_STAG1,Avana,ACH-000365,Lymphoid,intact,-0.26558231375876895
PDS5B_to_PDS5A,Avana,ACH-000365,Lymphoid,intact,0.03718234700296863
STAG2_to_STAG1,Avana,ACH-000366,Peripheral Nervous System,intact,-0.0579494549626664
PDS5B_to_PDS5A,Avana,ACH-000366,Peripheral Nervous System,intact,-0.4570220070130869
STAG2_to_STAG1,Avana,ACH-000368,CNS/Brain,intact,-0.4913434795255047
PDS5B_to_PDS5A,Avana,ACH-000368,CNS/Brain,intact,-0.8390223983802585
STAG2_to_STAG1,Avana,ACH-000370,CNS/Brain,intact,-0.3602080840140546
PDS5B_to_PDS5A,Avana,ACH-000370,CNS/Brain,intact,-0.01817502073226423
STAG2_to_STAG1,Avana,ACH-000371,Lymphoid,intact,-0.07692195985062836
PDS5B_to_PDS5A,Avana,ACH-000371,Lymphoid,intact,-0.05874933362445839
STAG2_to_STAG1,Avana,ACH-000374,Breast,intact,-0.22345353470069987
PDS5B_to_PDS5A,Avana,ACH-000374,Breast,intact,0.8452490432120519
STAG2_to_STAG1,Avana,ACH-000375,Kidney,intact,-1.5850373334694638
PDS5B_to_PDS5A,Avana,ACH-000375,Kidney,intact,-0.7641968210067116
STAG2_to_STAG1,Avana,ACH-000376,CNS/Brain,intact,-0.030511848113428656
PDS5B_to_PDS5A,Avana,ACH-000376,CNS/Brain,intact,-0.7190716947317881
STAG2_to_STAG1,Avana,ACH-000377,Ampulla of Vater,intact,0.19093009806274655
PDS5B_to_PDS5A,Avana,ACH-000377,Ampulla of Vater,intact,-1.126639414502889
STAG2_to_STAG1,Avana,ACH-000378,Lung,intact,-0.1641300216532841
PDS5B_to_PDS5A,Avana,ACH-000378,Lung,intact,-0.20083390148097538
STAG2_to_STAG1,Avana,ACH-000381,Bowel,intact,-0.31102422850826716
PDS5B_to_PDS5A,Avana,ACH-000381,Bowel,intact,-0.3414417177589337
STAG2_to_STAG1,Avana,ACH-000383,Esophagus/Stomach,intact,-0.5314674628082199
PDS5B_to_PDS5A,Avana,ACH-000383,Esophagus/Stomach,intact,0.13859896789396492
STAG2_to_STAG1,Avana,ACH-000385,Kidney,intact,0.03648822739660271
PDS5B_to_PDS5A,Avana,ACH-000385,Kidney,intact,-1.5803530991578516
STAG2_to_STAG1,Avana,ACH-000387,Myeloid,intact,-0.12396933880517921
PDS5B_to_PDS5A,Avana,ACH-000387,Myeloid,intact,-0.4791916435855743
STAG2_to_STAG1,Avana,ACH-000389,CNS/Brain,damaging,-1.1548433698270362
PDS5B_to_PDS5A,Avana,ACH-000389,CNS/Brain,intact,-0.4163179278484979
STAG2_to_STAG1,Avana,ACH-000390,Lung,intact,-0.0382839148913639
PDS5B_to_PDS5A,Avana,ACH-000390,Lung,intact,-0.26541452118873693
STAG2_to_STAG1,Avana,ACH-000391,Bone,intact,-0.4122364242203223
PDS5B_to_PDS5A,Avana,ACH-000391,Bone,intact,-0.0862274708171946
STAG2_to_STAG1,Avana,ACH-000393,Liver,intact,-0.12250458939062456
PDS5B_to_PDS5A,Avana,ACH-000393,Liver,intact,-0.36729556555998333
STAG2_to_STAG1,Avana,ACH-000395,Lung,intact,-0.22769959395537875
PDS5B_to_PDS5A,Avana,ACH-000395,Lung,intact,-0.046453699340427285
STAG2_to_STAG1,Avana,ACH-000396,Bladder/Urinary Tract,intact,-0.0805283754301334
PDS5B_to_PDS5A,Avana,ACH-000396,Bladder/Urinary Tract,intact,-0.18706574953591282
STAG2_to_STAG1,Avana,ACH-000397,Uterus,intact,0.13676901642122494
PDS5B_to_PDS5A,Avana,ACH-000397,Uterus,intact,-0.9273375681039759
STAG2_to_STAG1,Avana,ACH-000398,Lymphoid,damaging,-2.343597206873687
PDS5B_to_PDS5A,Avana,ACH-000398,Lymphoid,intact,0.7174983229084111
STAG2_to_STAG1,Avana,ACH-000401,Skin,intact,0.1605304676181244
PDS5B_to_PDS5A,Avana,ACH-000401,Skin,intact,-1.2570428798174227
STAG2_to_STAG1,Avana,ACH-000402,Lymphoid,intact,-0.1958723406199328
PDS5B_to_PDS5A,Avana,ACH-000402,Lymphoid,intact,0.19950979357998028
STAG2_to_STAG1,Avana,ACH-000403,Bowel,intact,-0.11387798301003624
PDS5B_to_PDS5A,Avana,ACH-000403,Bowel,intact,-0.7244916186817049
STAG2_to_STAG1,Avana,ACH-000404,Skin,intact,0.02897534577835506
PDS5B_to_PDS5A,Avana,ACH-000404,Skin,intact,-0.9013628775011009
STAG2_to_STAG1,Avana,ACH-000405,Lymphoid,intact,-0.37850946960876186
PDS5B_to_PDS5A,Avana,ACH-000405,Lymphoid,intact,-0.35752990866442735
STAG2_to_STAG1,Avana,ACH-000406,Myeloid,intact,-0.04234040418553038
PDS5B_to_PDS5A,Avana,ACH-000406,Myeloid,intact,-0.9027708155953551
STAG2_to_STAG1,Avana,ACH-000407,Uterus,intact,-0.2669607058742232
PDS5B_to_PDS5A,Avana,ACH-000407,Uterus,intact,-0.6373949348166561
STAG2_to_STAG1,Avana,ACH-000408,Esophagus/Stomach,intact,-0.13779241347535898
PDS5B_to_PDS5A,Avana,ACH-000408,Esophagus/Stomach,intact,-0.3786468879829323
STAG2_to_STAG1,Avana,ACH-000410,Bone,intact,-0.37732455698707407
PDS5B_to_PDS5A,Avana,ACH-000410,Bone,intact,-0.2620593525913523
STAG2_to_STAG1,Avana,ACH-000411,Kidney,intact,0.07886325602404466
PDS5B_to_PDS5A,Avana,ACH-000411,Kidney,intact,0.22765311378897035
STAG2_to_STAG1,Avana,ACH-000414,Lung,intact,-0.36904682802933314
PDS5B_to_PDS5A,Avana,ACH-000414,Lung,intact,-0.4502180508593103
STAG2_to_STAG1,Avana,ACH-000415,Head and Neck,intact,0.021529510557895135
PDS5B_to_PDS5A,Avana,ACH-000415,Head and Neck,intact,-0.4497228157311376
STAG2_to_STAG1,Avana,ACH-000416,Lung,intact,-0.05629276487061444
PDS5B_to_PDS5A,Avana,ACH-000416,Lung,intact,0.07457905206563897
STAG2_to_STAG1,Avana,ACH-000417,Pancreas,intact,-0.053831392182876095
PDS5B_to_PDS5A,Avana,ACH-000417,Pancreas,intact,0.15414524685899478
STAG2_to_STAG1,Avana,ACH-000420,Liver,intact,0.10502203442721081
PDS5B_to_PDS5A,Avana,ACH-000420,Liver,intact,-1.1790375021783603
STAG2_to_STAG1,Avana,ACH-000421,Bowel,intact,-0.11281294150065219
PDS5B_to_PDS5A,Avana,ACH-000421,Bowel,intact,-0.43233762828634814
STAG2_to_STAG1,Avana,ACH-000422,Liver,intact,-0.7371503268270811
PDS5B_to_PDS5A,Avana,ACH-000422,Liver,intact,-1.7319720965032315
STAG2_to_STAG1,Avana,ACH-000424,Bone,intact,-0.25135994956121804
PDS5B_to_PDS5A,Avana,ACH-000424,Bone,intact,-0.22578796072960017
STAG2_to_STAG1,Avana,ACH-000425,Skin,intact,-0.45993108599864263
PDS5B_to_PDS5A,Avana,ACH-000425,Skin,intact,-0.7776334271783661
STAG2_to_STAG1,Avana,ACH-000426,Lymphoid,intact,-0.24555537806137545
PDS5B_to_PDS5A,Avana,ACH-000426,Lymphoid,intact,-1.1450065781526382
STAG2_to_STAG1,Avana,ACH-000427,Esophagus/Stomach,intact,0.011209631016700652
PDS5B_to_PDS5A,Avana,ACH-000427,Esophagus/Stomach,intact,-0.08056850605052854
STAG2_to_STAG1,Avana,ACH-000431,Lung,intact,-0.15261444806996352
PDS5B_to_PDS5A,Avana,ACH-000431,Lung,intact,0.12116717076624224
STAG2_to_STAG1,Avana,ACH-000433,Kidney,intact,-0.16432549684364428
PDS5B_to_PDS5A,Avana,ACH-000433,Kidney,intact,-0.9138063772651162
STAG2_to_STAG1,Avana,ACH-000434,Lung,intact,-0.05511563341022539
PDS5B_to_PDS5A,Avana,ACH-000434,Lung,intact,-0.29337919240049093
STAG2_to_STAG1,Avana,ACH-000435,Uterus,intact,0.11124551768478766
PDS5B_to_PDS5A,Avana,ACH-000435,Uterus,intact,-0.08744996030846228
STAG2_to_STAG1,Avana,ACH-000436,Lymphoid,intact,-0.34341102983374133
PDS5B_to_PDS5A,Avana,ACH-000436,Lymphoid,intact,-1.2643771435131024
STAG2_to_STAG1,Avana,ACH-000437,CNS/Brain,intact,0.033303241346827606
PDS5B_to_PDS5A,Avana,ACH-000437,CNS/Brain,intact,-0.719232219766786
STAG2_to_STAG1,Avana,ACH-000438,Lung,intact,0.2796365087852798
PDS5B_to_PDS5A,Avana,ACH-000438,Lung,intact,0.060289284770375665
STAG2_to_STAG1,Avana,ACH-000441,Skin,intact,0.6134524820591034
PDS5B_to_PDS5A,Avana,ACH-000441,Skin,intact,-1.707197157082831
STAG2_to_STAG1,Avana,ACH-000444,Lung,intact,-0.5934962967203737
PDS5B_to_PDS5A,Avana,ACH-000444,Lung,intact,0.08320013329675782
STAG2_to_STAG1,Avana,ACH-000445,CNS/Brain,intact,0.22232327829484075
PDS5B_to_PDS5A,Avana,ACH-000445,CNS/Brain,intact,-0.7871964615280183
STAG2_to_STAG1,Avana,ACH-000448,Lung,intact,-0.3050257015842926
PDS5B_to_PDS5A,Avana,ACH-000448,Lung,intact,-0.6702171376510696
STAG2_to_STAG1,Avana,ACH-000450,Skin,intact,-0.34723983177392714
PDS5B_to_PDS5A,Avana,ACH-000450,Skin,intact,-1.4053281757761011
STAG2_to_STAG1,Avana,ACH-000452,Esophagus/Stomach,intact,-0.21253396137545572
PDS5B_to_PDS5A,Avana,ACH-000452,Esophagus/Stomach,intact,-0.40010438516218194
STAG2_to_STAG1,Avana,ACH-000454,Lung,intact,-0.5547558759867682
PDS5B_to_PDS5A,Avana,ACH-000454,Lung,intact,-0.21754370128393188
STAG2_to_STAG1,Avana,ACH-000455,CNS/Brain,intact,-0.053833154672784815
PDS5B_to_PDS5A,Avana,ACH-000455,CNS/Brain,intact,-1.2982220047974435
STAG2_to_STAG1,Avana,ACH-000456,Thyroid,intact,-0.5851213687998088
PDS5B_to_PDS5A,Avana,ACH-000456,Thyroid,intact,-0.8222478227571606
STAG2_to_STAG1,Avana,ACH-000458,Skin,intact,-0.08682946854441306
PDS5B_to_PDS5A,Avana,ACH-000458,Skin,intact,-0.2245889184244074
STAG2_to_STAG1,Avana,ACH-000459,Kidney,intact,0.2788490765272611
PDS5B_to_PDS5A,Avana,ACH-000459,Kidney,intact,0.12922388793222167
STAG2_to_STAG1,Avana,ACH-000460,Ovary/Fallopian Tube,intact,-0.09479198791891777
PDS5B_to_PDS5A,Avana,ACH-000460,Ovary/Fallopian Tube,intact,-0.38249842233896236
STAG2_to_STAG1,Avana,ACH-000461,Biliary Tract,intact,0.3306014402389915
PDS5B_to_PDS5A,Avana,ACH-000461,Biliary Tract,intact,-0.05240827741395376
STAG2_to_STAG1,Avana,ACH-000463,Lung,intact,0.11137186799123462
PDS5B_to_PDS5A,Avana,ACH-000463,Lung,intact,-0.47202900569030126
STAG2_to_STAG1,Avana,ACH-000464,CNS/Brain,intact,-0.23408584112324607
PDS5B_to_PDS5A,Avana,ACH-000464,CNS/Brain,intact,-0.18490907095061493
STAG2_to_STAG1,Avana,ACH-000466,Esophagus/Stomach,intact,-0.16607781145823353
PDS5B_to_PDS5A,Avana,ACH-000466,Esophagus/Stomach,intact,-1.4146190045541804
STAG2_to_STAG1,Avana,ACH-000467,Bowel,intact,-0.06099374221603603
PDS5B_to_PDS5A,Avana,ACH-000467,Bowel,intact,-0.06926895530532973
STAG2_to_STAG1,Avana,ACH-000468,Pancreas,intact,-0.04193451942036994
PDS5B_to_PDS5A,Avana,ACH-000468,Pancreas,intact,-1.5176809298299903
STAG2_to_STAG1,Avana,ACH-000469,CNS/Brain,intact,-0.20703863428701308
PDS5B_to_PDS5A,Avana,ACH-000469,CNS/Brain,intact,-0.72268733484814
STAG2_to_STAG1,Avana,ACH-000470,Bowel,intact,-0.1419536948913395
PDS5B_to_PDS5A,Avana,ACH-000470,Bowel,intact,-0.3688133808787526
STAG2_to_STAG1,Avana,ACH-000471,Liver,intact,-0.14344606866871026
PDS5B_to_PDS5A,Avana,ACH-000471,Liver,intact,-0.1553712984004037
STAG2_to_STAG1,Avana,ACH-000472,Head and Neck,intact,-0.21580174199720903
PDS5B_to_PDS5A,Avana,ACH-000472,Head and Neck,intact,-0.09807991504188249
STAG2_to_STAG1,Avana,ACH-000473,Bladder/Urinary Tract,intact,-0.6085578021663584
PDS5B_to_PDS5A,Avana,ACH-000473,Bladder/Urinary Tract,intact,-0.2161192665110528
STAG2_to_STAG1,Avana,ACH-000475,Liver,intact,-0.6287442733778082
PDS5B_to_PDS5A,Avana,ACH-000475,Liver,intact,0.04994473193966974
STAG2_to_STAG1,Avana,ACH-000476,Liver,intact,0.4072708960751554
PDS5B_to_PDS5A,Avana,ACH-000476,Liver,intact,-0.6217348432757238
STAG2_to_STAG1,Avana,ACH-000477,Skin,intact,-0.09136617797741008
PDS5B_to_PDS5A,Avana,ACH-000477,Skin,intact,-1.074846658101877
STAG2_to_STAG1,Avana,ACH-000478,Liver,intact,0.016939060247193737
PDS5B_to_PDS5A,Avana,ACH-000478,Liver,intact,-0.021884434986289142
STAG2_to_STAG1,Avana,ACH-000479,CNS/Brain,intact,0.21142807603928876
PDS5B_to_PDS5A,Avana,ACH-000479,CNS/Brain,intact,-0.34454534035678375
STAG2_to_STAG1,Avana,ACH-000480,Liver,intact,-0.2164333341764971
PDS5B_to_PDS5A,Avana,ACH-000480,Liver,intact,-0.6558799674873267
STAG2_to_STAG1,Avana,ACH-000481,Lung,intact,-0.02483376546085548
PDS5B_to_PDS5A,Avana,ACH-000481,Lung,intact,-0.014611663574992134
STAG2_to_STAG1,Avana,ACH-000483,Liver,intact,0.0004662772736794968
PDS5B_to_PDS5A,Avana,ACH-000483,Liver,intact,-0.39866172292036106
STAG2_to_STAG1,Avana,ACH-000484,Kidney,intact,0.5512451539880523
PDS5B_to_PDS5A,Avana,ACH-000484,Kidney,damaging,-2.259364182333684
STAG2_to_STAG1,Avana,ACH-000485,Esophagus/Stomach,intact,-2.8969052707996763
PDS5B_to_PDS5A,Avana,ACH-000485,Esophagus/Stomach,intact,-0.6071556670098772
STAG2_to_STAG1,Avana,ACH-000486,Bladder/Urinary Tract,intact,-0.12626036827378373
PDS5B_to_PDS5A,Avana,ACH-000486,Bladder/Urinary Tract,intact,-0.5925494186238365
STAG2_to_STAG1,Avana,ACH-000487,Myeloid,intact,0.25724876225249416
PDS5B_to_PDS5A,Avana,ACH-000487,Myeloid,intact,-1.6736033628793496
STAG2_to_STAG1,Avana,ACH-000488,Esophagus/Stomach,intact,-0.11308712632506347
PDS5B_to_PDS5A,Avana,ACH-000488,Esophagus/Stomach,intact,-0.05845381246722916
STAG2_to_STAG1,Avana,ACH-000489,Bowel,intact,0.5419370572373899
PDS5B_to_PDS5A,Avana,ACH-000489,Bowel,intact,-0.5254036292709667
STAG2_to_STAG1,Avana,ACH-000490,Cervix,intact,0.05740927925994342
PDS5B_to_PDS5A,Avana,ACH-000490,Cervix,intact,-0.6404887118296116
STAG2_to_STAG1,Avana,ACH-000491,Bowel,intact,0.09226024478189265
PDS5B_to_PDS5A,Avana,ACH-000491,Bowel,intact,0.3681708424563199
STAG2_to_STAG1,Avana,ACH-000493,Liver,intact,0.03791755827192496
PDS5B_to_PDS5A,Avana,ACH-000493,Liver,intact,-0.8281725078507991
STAG2_to_STAG1,Avana,ACH-000495,Kidney,intact,-0.2193373120823273
PDS5B_to_PDS5A,Avana,ACH-000495,Kidney,intact,-0.10147995893826948
STAG2_to_STAG1,Avana,ACH-000496,Lung,intact,-0.3610002010908938
PDS5B_to_PDS5A,Avana,ACH-000496,Lung,intact,0.4784461490718347
STAG2_to_STAG1,Avana,ACH-000499,Bone,damaging,-0.7903761591948033
PDS5B_to_PDS5A,Avana,ACH-000499,Bone,intact,-0.3717342454917137
STAG2_to_STAG1,Avana,ACH-000500,Head and Neck,intact,-0.27647714672221824
PDS5B_to_PDS5A,Avana,ACH-000500,Head and Neck,intact,-0.07696302661897288
STAG2_to_STAG1,Avana,ACH-000502,Pancreas,intact,0.012002326937521998
PDS5B_to_PDS5A,Avana,ACH-000502,Pancreas,intact,-0.3265050295603642
STAG2_to_STAG1,Avana,ACH-000503,Head and Neck,intact,0.24655638070963803
PDS5B_to_PDS5A,Avana,ACH-000503,Head and Neck,intact,-0.5141746578782045
STAG2_to_STAG1,Avana,ACH-000504,CNS/Brain,intact,-0.19412080355689548
PDS5B_to_PDS5A,Avana,ACH-000504,CNS/Brain,intact,-0.4256380186759929
STAG2_to_STAG1,Avana,ACH-000505,Soft Tissue,intact,-0.2049854094130384
PDS5B_to_PDS5A,Avana,ACH-000505,Soft Tissue,intact,-0.5550295332756116
STAG2_to_STAG1,Avana,ACH-000507,Esophagus/Stomach,intact,0.05802108808397661
PDS5B_to_PDS5A,Avana,ACH-000507,Esophagus/Stomach,intact,-0.9224563673951551
STAG2_to_STAG1,Avana,ACH-000510,Lung,intact,0.03694166163834196
PDS5B_to_PDS5A,Avana,ACH-000510,Lung,intact,-0.5466885212456568
STAG2_to_STAG1,Avana,ACH-000511,Lung,intact,-0.1112602190761448
PDS5B_to_PDS5A,Avana,ACH-000511,Lung,intact,-1.0620913731315964
STAG2_to_STAG1,Avana,ACH-000512,Lymphoid,intact,-0.7050739917605721
PDS5B_to_PDS5A,Avana,ACH-000512,Lymphoid,intact,-0.37470137110161705
STAG2_to_STAG1,Avana,ACH-000514,Lung,intact,0.09806124770230389
PDS5B_to_PDS5A,Avana,ACH-000514,Lung,intact,0.19669031259855235
STAG2_to_STAG1,Avana,ACH-000516,Bone,intact,0.2900210664697438
PDS5B_to_PDS5A,Avana,ACH-000516,Bone,intact,-0.6298455554221989
STAG2_to_STAG1,Avana,ACH-000517,Pancreas,intact,-0.3005779996709572
PDS5B_to_PDS5A,Avana,ACH-000517,Pancreas,intact,-0.5276525064873656
STAG2_to_STAG1,Avana,ACH-000518,Head and Neck,intact,-0.326906899098928
PDS5B_to_PDS5A,Avana,ACH-000518,Head and Neck,intact,-0.31914490403344187
STAG2_to_STAG1,Avana,ACH-000520,Ovary/Fallopian Tube,intact,-0.5945458625964322
PDS5B_to_PDS5A,Avana,ACH-000520,Ovary/Fallopian Tube,intact,-0.303723179887056
STAG2_to_STAG1,Avana,ACH-000521,Lung,intact,-0.1228372129768071
PDS5B_to_PDS5A,Avana,ACH-000521,Lung,intact,-0.38748389098433456
STAG2_to_STAG1,Avana,ACH-000522,Bladder/Urinary Tract,damaging,-1.0534457423767192
PDS5B_to_PDS5A,Avana,ACH-000522,Bladder/Urinary Tract,intact,-0.4705181813591629
STAG2_to_STAG1,Avana,ACH-000524,Ovary/Fallopian Tube,intact,-0.02476740904873753
PDS5B_to_PDS5A,Avana,ACH-000524,Ovary/Fallopian Tube,intact,-0.16488371242993274
STAG2_to_STAG1,Avana,ACH-000525,Lung,intact,0.038853303850694354
PDS5B_to_PDS5A,Avana,ACH-000525,Lung,intact,-1.1899382065115083
STAG2_to_STAG1,Avana,ACH-000527,Ovary/Fallopian Tube,intact,-0.2344883745653682
PDS5B_to_PDS5A,Avana,ACH-000527,Ovary/Fallopian Tube,intact,-1.362677114260182
STAG2_to_STAG1,Avana,ACH-000528,Lung,intact,-0.2698908312607264
PDS5B_to_PDS5A,Avana,ACH-000528,Lung,intact,-0.5207024097585267
STAG2_to_STAG1,Avana,ACH-000532,Bowel,intact,-0.333966346908705
PDS5B_to_PDS5A,Avana,ACH-000532,Bowel,intact,0.06871357294365585
STAG2_to_STAG1,Avana,ACH-000533,Kidney,intact,-0.6979435312726631
PDS5B_to_PDS5A,Avana,ACH-000533,Kidney,intact,-2.4867643605504774
STAG2_to_STAG1,Avana,ACH-000535,Pancreas,intact,-0.06051727023111657
PDS5B_to_PDS5A,Avana,ACH-000535,Pancreas,intact,-0.011476511277020346
STAG2_to_STAG1,Avana,ACH-000537,Liver,intact,-0.3448457767395413
PDS5B_to_PDS5A,Avana,ACH-000537,Liver,intact,-1.200196475294426
STAG2_to_STAG1,Avana,ACH-000541,Lymphoid,intact,-0.42131768260165703
PDS5B_to_PDS5A,Avana,ACH-000541,Lymphoid,intact,0.8005200874877236
STAG2_to_STAG1,Avana,ACH-000542,Ovary/Fallopian Tube,intact,-1.025463004728592
PDS5B_to_PDS5A,Avana,ACH-000542,Ovary/Fallopian Tube,intact,-1.1789986474200151
STAG2_to_STAG1,Avana,ACH-000544,Esophagus/Stomach,intact,-0.3757628267747659
PDS5B_to_PDS5A,Avana,ACH-000544,Esophagus/Stomach,intact,0.8433236354601735
STAG2_to_STAG1,Avana,ACH-000545,Bladder/Urinary Tract,intact,-0.7968315592385052
PDS5B_to_PDS5A,Avana,ACH-000545,Bladder/Urinary Tract,intact,-0.2743415518175287
STAG2_to_STAG1,Avana,ACH-000547,Bladder/Urinary Tract,intact,-0.213510386827672
PDS5B_to_PDS5A,Avana,ACH-000547,Bladder/Urinary Tract,intact,-0.4223849120508619
STAG2_to_STAG1,Avana,ACH-000548,Head and Neck,intact,-0.09748246470398503
PDS5B_to_PDS5A,Avana,ACH-000548,Head and Neck,intact,-0.8870842270697245
STAG2_to_STAG1,Avana,ACH-000549,Head and Neck,intact,-0.18837218404027833
PDS5B_to_PDS5A,Avana,ACH-000549,Head and Neck,intact,-0.00689604670737682
STAG2_to_STAG1,Avana,ACH-000550,Skin,intact,-0.21992909773675828
PDS5B_to_PDS5A,Avana,ACH-000550,Skin,intact,-0.20908242526199056
STAG2_to_STAG1,Avana,ACH-000551,Myeloid,intact,-0.1530295686560299
PDS5B_to_PDS5A,Avana,ACH-000551,Myeloid,intact,-0.3855951251813745
STAG2_to_STAG1,Avana,ACH-000552,Bowel,intact,-0.35263092442048316
PDS5B_to_PDS5A,Avana,ACH-000552,Bowel,intact,0.13149148676656586
STAG2_to_STAG1,Avana,ACH-000556,Cervix,intact,-0.005603015728277594
PDS5B_to_PDS5A,Avana,ACH-000556,Cervix,intact,-0.3582282937207873
STAG2_to_STAG1,Avana,ACH-000557,Myeloid,intact,0.27455709278995977
PDS5B_to_PDS5A,Avana,ACH-000557,Myeloid,intact,-1.477097723370866
STAG2_to_STAG1,Avana,ACH-000559,Lung,intact,-0.05573379391953727
PDS5B_to_PDS5A,Avana,ACH-000559,Lung,intact,-0.13786607315281518
STAG2_to_STAG1,Avana,ACH-000563,Lung,intact,-0.3708006500848673
PDS5B_to_PDS5A,Avana,ACH-000563,Lung,intact,-0.228756266035627
STAG2_to_STAG1,Avana,ACH-000567,Lymphoid,intact,-0.22971515525685682
PDS5B_to_PDS5A,Avana,ACH-000567,Lymphoid,intact,0.20666168314314556
STAG2_to_STAG1,Avana,ACH-000570,CNS/Brain,damaging,-1.798658688370005
PDS5B_to_PDS5A,Avana,ACH-000570,CNS/Brain,intact,-0.9395346820780772
STAG2_to_STAG1,Avana,ACH-000571,CNS/Brain,intact,-0.09483666043853185
PDS5B_to_PDS5A,Avana,ACH-000571,CNS/Brain,intact,-0.4742142524449026
STAG2_to_STAG1,Avana,ACH-000573,Breast,intact,-0.6620564247408529
PDS5B_to_PDS5A,Avana,ACH-000573,Breast,intact,-0.9387688032969445
STAG2_to_STAG1,Avana,ACH-000576,Lymphoid,intact,-0.30943807443822147
PDS5B_to_PDS5A,Avana,ACH-000576,Lymphoid,intact,0.09292459434989202
STAG2_to_STAG1,Avana,ACH-000577,Liver,intact,-0.05369170499554079
PDS5B_to_PDS5A,Avana,ACH-000577,Liver,damaging,-0.7341579758469949
STAG2_to_STAG1,Avana,ACH-000579,Skin,intact,-0.21670155261341773
PDS5B_to_PDS5A,Avana,ACH-000579,Skin,intact,-0.5337207458771882
STAG2_to_STAG1,Avana,ACH-000580,Skin,intact,-0.0749795912485914
PDS5B_to_PDS5A,Avana,ACH-000580,Skin,intact,-1.5381383434972213
STAG2_to_STAG1,Avana,ACH-000581,Esophagus/Stomach,intact,-0.5723936806567105
PDS5B_to_PDS5A,Avana,ACH-000581,Esophagus/Stomach,intact,-0.013439724945823402
STAG2_to_STAG1,Avana,ACH-000584,Ovary/Fallopian Tube,intact,0.15214482266597074
PDS5B_to_PDS5A,Avana,ACH-000584,Ovary/Fallopian Tube,intact,-0.6235855720266738
STAG2_to_STAG1,Avana,ACH-000585,Lung,intact,-0.13766492141690273
PDS5B_to_PDS5A,Avana,ACH-000585,Lung,intact,0.3274975746025849
STAG2_to_STAG1,Avana,ACH-000587,Lung,intact,-0.36883475867902504
PDS5B_to_PDS5A,Avana,ACH-000587,Lung,intact,-1.723965385381835
STAG2_to_STAG1,Avana,ACH-000588,Lymphoid,intact,-0.5035956406634352
PDS5B_to_PDS5A,Avana,ACH-000588,Lymphoid,intact,-0.5291273875850244
STAG2_to_STAG1,Avana,ACH-000589,Lung,intact,-0.10015850486860933
PDS5B_to_PDS5A,Avana,ACH-000589,Lung,intact,-0.4461598749007773
STAG2_to_STAG1,Avana,ACH-000591,CNS/Brain,intact,-0.06799448571928315
PDS5B_to_PDS5A,Avana,ACH-000591,CNS/Brain,intact,0.1611625182311575
STAG2_to_STAG1,Avana,ACH-000592,CNS/Brain,intact,-0.3128730440568149
PDS5B_to_PDS5A,Avana,ACH-000592,CNS/Brain,intact,-0.0667394172497445
STAG2_to_STAG1,Avana,ACH-000593,Bladder/Urinary Tract,intact,-0.15143805754895345
PDS5B_to_PDS5A,Avana,ACH-000593,Bladder/Urinary Tract,intact,0.38612321983497777
STAG2_to_STAG1,Avana,ACH-000595,CNS/Brain,intact,-0.17466760729655473
PDS5B_to_PDS5A,Avana,ACH-000595,CNS/Brain,intact,0.2844551541649118
STAG2_to_STAG1,Avana,ACH-000596,Lung,intact,-0.7840170364210439
PDS5B_to_PDS5A,Avana,ACH-000596,Lung,intact,-0.6803147619570646
STAG2_to_STAG1,Avana,ACH-000597,Kidney,intact,-0.4597290949276108
PDS5B_to_PDS5A,Avana,ACH-000597,Kidney,intact,-0.5355067792696282
STAG2_to_STAG1,Avana,ACH-000599,Pancreas,intact,-0.1623215476788049
PDS5B_to_PDS5A,Avana,ACH-000599,Pancreas,intact,-1.7119981529170696
STAG2_to_STAG1,Avana,ACH-000601,Pancreas,intact,-0.36461467020046734
PDS5B_to_PDS5A,Avana,ACH-000601,Pancreas,intact,-0.4778098002717939
STAG2_to_STAG1,Avana,ACH-000602,Myeloid,intact,0.22175902235037048
PDS5B_to_PDS5A,Avana,ACH-000602,Myeloid,intact,-0.5189712509327742
STAG2_to_STAG1,Avana,ACH-000604,Myeloid,intact,0.1396606838583727
PDS5B_to_PDS5A,Avana,ACH-000604,Myeloid,intact,-0.37276665159218153
STAG2_to_STAG1,Avana,ACH-000605,Esophagus/Stomach,intact,-0.2326338386262541
PDS5B_to_PDS5A,Avana,ACH-000605,Esophagus/Stomach,intact,-0.2921192756223271
STAG2_to_STAG1,Avana,ACH-000606,Head and Neck,intact,-0.07706706376213283
PDS5B_to_PDS5A,Avana,ACH-000606,Head and Neck,intact,0.32878872050968433
STAG2_to_STAG1,Avana,ACH-000607,Soft Tissue,intact,-0.005396344697319179
PDS5B_to_PDS5A,Avana,ACH-000607,Soft Tissue,intact,-0.7712785821170045
STAG2_to_STAG1,Avana,ACH-000608,Ovary/Fallopian Tube,intact,-0.029457687136194358
PDS5B_to_PDS5A,Avana,ACH-000608,Ovary/Fallopian Tube,intact,-0.06459640752436437
STAG2_to_STAG1,Avana,ACH-000609,CNS/Brain,intact,-0.0542915955917192
PDS5B_to_PDS5A,Avana,ACH-000609,CNS/Brain,intact,-0.03515052808780293
STAG2_to_STAG1,Avana,ACH-000614,Skin,intact,0.056150246415108025
PDS5B_to_PDS5A,Avana,ACH-000614,Skin,intact,-1.4652831912467705
STAG2_to_STAG1,Avana,ACH-000616,Esophagus/Stomach,intact,-0.0757860022133454
PDS5B_to_PDS5A,Avana,ACH-000616,Esophagus/Stomach,intact,-1.1478729089512933
STAG2_to_STAG1,Avana,ACH-000618,Head and Neck,intact,-0.07147616891796553
PDS5B_to_PDS5A,Avana,ACH-000618,Head and Neck,intact,-0.17684560383925377
STAG2_to_STAG1,Avana,ACH-000619,Head and Neck,intact,-0.039956587128576054
PDS5B_to_PDS5A,Avana,ACH-000619,Head and Neck,intact,-0.2879916377480174
STAG2_to_STAG1,Avana,ACH-000620,Liver,intact,-0.1832060147218879
PDS5B_to_PDS5A,Avana,ACH-000620,Liver,intact,-0.8401388766636477
STAG2_to_STAG1,Avana,ACH-000621,Breast,intact,-0.11862335813371243
PDS5B_to_PDS5A,Avana,ACH-000621,Breast,intact,-0.1628240734669569
STAG2_to_STAG1,Avana,ACH-000622,CNS/Brain,intact,0.07953165633972184
PDS5B_to_PDS5A,Avana,ACH-000622,CNS/Brain,intact,-0.10036162317522382
STAG2_to_STAG1,Avana,ACH-000623,CNS/Brain,intact,-0.10617228467013316
PDS5B_to_PDS5A,Avana,ACH-000623,CNS/Brain,intact,-0.1671555729001227
STAG2_to_STAG1,Avana,ACH-000624,Breast,intact,-0.09388952923901937
PDS5B_to_PDS5A,Avana,ACH-000624,Breast,intact,-0.4560830731021123
STAG2_to_STAG1,Avana,ACH-000627,Lung,intact,-0.24828612115317267
PDS5B_to_PDS5A,Avana,ACH-000627,Lung,intact,-1.3602361960565814
STAG2_to_STAG1,Avana,ACH-000630,Head and Neck,intact,-0.5679837955048006
PDS5B_to_PDS5A,Avana,ACH-000630,Head and Neck,intact,-1.7600590566348977
STAG2_to_STAG1,Avana,ACH-000632,Skin,intact,0.26152447340314117
PDS5B_to_PDS5A,Avana,ACH-000632,Skin,intact,-1.4902894540641114
STAG2_to_STAG1,Avana,ACH-000633,Esophagus/Stomach,intact,-0.2133910797790164
PDS5B_to_PDS5A,Avana,ACH-000633,Esophagus/Stomach,intact,-0.670002203751173
STAG2_to_STAG1,Avana,ACH-000634,CNS/Brain,intact,-0.016036966090465975
PDS5B_to_PDS5A,Avana,ACH-000634,CNS/Brain,intact,-0.2016927589363471
STAG2_to_STAG1,Avana,ACH-000637,Esophagus/Stomach,intact,0.1755804610985309
PDS5B_to_PDS5A,Avana,ACH-000637,Esophagus/Stomach,intact,0.40459997525807634
STAG2_to_STAG1,Avana,ACH-000638,Lung,intact,0.04489270338800638
PDS5B_to_PDS5A,Avana,ACH-000638,Lung,intact,-0.44650830126887836
STAG2_to_STAG1,Avana,ACH-000639,Lung,intact,-0.27205761980091125
PDS5B_to_PDS5A,Avana,ACH-000639,Lung,intact,-1.2330582510863342
STAG2_to_STAG1,Avana,ACH-000645,Pleura,intact,-0.4094559107590005
PDS5B_to_PDS5A,Avana,ACH-000645,Pleura,intact,-0.7554423318909933
STAG2_to_STAG1,Avana,ACH-000646,Ovary/Fallopian Tube,intact,-0.6623048309288472
PDS5B_to_PDS5A,Avana,ACH-000646,Ovary/Fallopian Tube,intact,-0.6766482085018395
STAG2_to_STAG1,Avana,ACH-000647,Esophagus/Stomach,intact,0.30991920897663905
PDS5B_to_PDS5A,Avana,ACH-000647,Esophagus/Stomach,intact,-0.1472548311329609
STAG2_to_STAG1,Avana,ACH-000648,Pleura,intact,-0.1730429089119757
PDS5B_to_PDS5A,Avana,ACH-000648,Pleura,intact,-0.004835299395960474
STAG2_to_STAG1,Avana,ACH-000649,Kidney,intact,0.08895837153331015
PDS5B_to_PDS5A,Avana,ACH-000649,Kidney,intact,-0.6520843885766503
STAG2_to_STAG1,Avana,ACH-000651,Bowel,intact,-0.007411226912434288
PDS5B_to_PDS5A,Avana,ACH-000651,Bowel,intact,-0.350257484148961
STAG2_to_STAG1,Avana,ACH-000652,Pancreas,intact,-0.3831184226940795
PDS5B_to_PDS5A,Avana,ACH-000652,Pancreas,intact,-0.3581194128463969
STAG2_to_STAG1,Avana,ACH-000653,Lymphoid,intact,-0.4893726321591103
PDS5B_to_PDS5A,Avana,ACH-000653,Lymphoid,intact,-0.7431058663021686
STAG2_to_STAG1,Avana,ACH-000654,Lymphoid,intact,-0.32385578968768247
PDS5B_to_PDS5A,Avana,ACH-000654,Lymphoid,intact,-0.02728211573771136
STAG2_to_STAG1,Avana,ACH-000655,CNS/Brain,intact,0.6816406159832358
PDS5B_to_PDS5A,Avana,ACH-000655,CNS/Brain,intact,0.054451088364087796
STAG2_to_STAG1,Avana,ACH-000657,Ovary/Fallopian Tube,intact,-0.3402780417695999
PDS5B_to_PDS5A,Avana,ACH-000657,Ovary/Fallopian Tube,intact,-0.6887713944598355
STAG2_to_STAG1,Avana,ACH-000661,Skin,intact,-0.010375616724427307
PDS5B_to_PDS5A,Avana,ACH-000661,Skin,intact,-0.9720860062090737
STAG2_to_STAG1,Avana,ACH-000662,Lung,intact,-0.44178792898291164
PDS5B_to_PDS5A,Avana,ACH-000662,Lung,intact,0.5728655365616486
STAG2_to_STAG1,Avana,ACH-000663,Ovary/Fallopian Tube,intact,-0.4413800801826841
PDS5B_to_PDS5A,Avana,ACH-000663,Ovary/Fallopian Tube,intact,0.15819719728895928
STAG2_to_STAG1,Avana,ACH-000664,Lymphoid,intact,-3.1856610797046416
PDS5B_to_PDS5A,Avana,ACH-000664,Lymphoid,intact,-0.2121856946275963
STAG2_to_STAG1,Avana,ACH-000665,Lung,intact,0.049644620842483486
PDS5B_to_PDS5A,Avana,ACH-000665,Lung,intact,-0.3480231920953916
STAG2_to_STAG1,Avana,ACH-000667,Lung,intact,-0.1604851936439523
PDS5B_to_PDS5A,Avana,ACH-000667,Lung,intact,-1.27604621452832
STAG2_to_STAG1,Avana,ACH-000671,Liver,intact,-0.3723979712342548
PDS5B_to_PDS5A,Avana,ACH-000671,Liver,intact,0.05625081886296008
STAG2_to_STAG1,Avana,ACH-000673,CNS/Brain,damaging,-2.9449823424297863
PDS5B_to_PDS5A,Avana,ACH-000673,CNS/Brain,intact,-0.9023609244067722
STAG2_to_STAG1,Avana,ACH-000676,CNS/Brain,intact,-0.10647958689057632
PDS5B_to_PDS5A,Avana,ACH-000676,CNS/Brain,intact,-1.0906674941408192
STAG2_to_STAG1,Avana,ACH-000677,Lung,intact,0.04418181807885313
PDS5B_to_PDS5A,Avana,ACH-000677,Lung,intact,-0.1740970218160637
STAG2_to_STAG1,Avana,ACH-000680,Bowel,intact,-0.42083867346650733
PDS5B_to_PDS5A,Avana,ACH-000680,Bowel,intact,-0.8250663974808496
STAG2_to_STAG1,Avana,ACH-000681,Lung,intact,-0.11969309945561267
PDS5B_to_PDS5A,Avana,ACH-000681,Lung,intact,-0.6630952524219096
STAG2_to_STAG1,Avana,ACH-000682,Head and Neck,intact,-0.054893062368285145
PDS5B_to_PDS5A,Avana,ACH-000682,Head and Neck,intact,0.24514733685408577
STAG2_to_STAG1,Avana,ACH-000683,Bowel,intact,-0.30552535891940646
PDS5B_to_PDS5A,Avana,ACH-000683,Bowel,intact,0.15530955631950888
STAG2_to_STAG1,Avana,ACH-000684,Kidney,intact,0.7653296148592497
PDS5B_to_PDS5A,Avana,ACH-000684,Kidney,intact,-1.3058355676958466
STAG2_to_STAG1,Avana,ACH-000685,Pancreas,intact,0.05231818196295772
PDS5B_to_PDS5A,Avana,ACH-000685,Pancreas,intact,-0.12822586231488609
STAG2_to_STAG1,Avana,ACH-000688,Ovary/Fallopian Tube,intact,0.09058727400902182
PDS5B_to_PDS5A,Avana,ACH-000688,Ovary/Fallopian Tube,intact,-0.16935365894538684
STAG2_to_STAG1,Avana,ACH-000693,Esophagus/Stomach,intact,-0.4809798759708115
PDS5B_to_PDS5A,Avana,ACH-000693,Esophagus/Stomach,intact,-0.43949242844157244
STAG2_to_STAG1,Avana,ACH-000694,Esophagus/Stomach,intact,-0.19460522714799391
PDS5B_to_PDS5A,Avana,ACH-000694,Esophagus/Stomach,intact,0.4050869140956399
STAG2_to_STAG1,Avana,ACH-000695,Lung,intact,-0.09936505330084511
PDS5B_to_PDS5A,Avana,ACH-000695,Lung,intact,-0.010873349493927136
STAG2_to_STAG1,Avana,ACH-000696,Ovary/Fallopian Tube,intact,-0.38270821973215285
PDS5B_to_PDS5A,Avana,ACH-000696,Ovary/Fallopian Tube,intact,-0.43897766300761454
STAG2_to_STAG1,Avana,ACH-000697,Lymphoid,intact,0.011136688141207995
PDS5B_to_PDS5A,Avana,ACH-000697,Lymphoid,intact,-0.1572902271752775
STAG2_to_STAG1,Avana,ACH-000698,Lung,intact,-1.062740634032737
PDS5B_to_PDS5A,Avana,ACH-000698,Lung,intact,-1.179054547152702
STAG2_to_STAG1,Avana,ACH-000699,Breast,intact,-0.23990295475339476
PDS5B_to_PDS5A,Avana,ACH-000699,Breast,intact,-0.6975274854714356
STAG2_to_STAG1,Avana,ACH-000700,Lung,intact,-0.23720263396282348
PDS5B_to_PDS5A,Avana,ACH-000700,Lung,intact,-0.20954412866712957
STAG2_to_STAG1,Avana,ACH-000701,Ovary/Fallopian Tube,intact,-0.026520916294847686
PDS5B_to_PDS5A,Avana,ACH-000701,Ovary/Fallopian Tube,intact,-0.35527644451767276
STAG2_to_STAG1,Avana,ACH-000702,Lymphoid,intact,-0.5779351952503728
PDS5B_to_PDS5A,Avana,ACH-000702,Lymphoid,intact,0.1019638128444181
STAG2_to_STAG1,Avana,ACH-000706,Lung,damaging,-0.30420232979845846
PDS5B_to_PDS5A,Avana,ACH-000706,Lung,intact,-1.8390080074791348
STAG2_to_STAG1,Avana,ACH-000709,Kidney,intact,0.11220762812263098
PDS5B_to_PDS5A,Avana,ACH-000709,Kidney,intact,-1.0769929638498463
STAG2_to_STAG1,Avana,ACH-000711,Breast,intact,0.33364678632918415
PDS5B_to_PDS5A,Avana,ACH-000711,Breast,intact,-0.8859758711536732
STAG2_to_STAG1,Avana,ACH-000713,Ovary/Fallopian Tube,intact,-0.49543767572900477
PDS5B_to_PDS5A,Avana,ACH-000713,Ovary/Fallopian Tube,intact,-0.416139416825206
STAG2_to_STAG1,Avana,ACH-000714,Lymphoid,intact,-0.17463833814957574
PDS5B_to_PDS5A,Avana,ACH-000714,Lymphoid,intact,-0.5679478852626287
STAG2_to_STAG1,Avana,ACH-000716,Thyroid,intact,0.04458214837294294
PDS5B_to_PDS5A,Avana,ACH-000716,Thyroid,intact,-0.28513970521677884
STAG2_to_STAG1,Avana,ACH-000718,Lung,intact,-0.2035590659776929
PDS5B_to_PDS5A,Avana,ACH-000718,Lung,intact,-1.0569040731365735
STAG2_to_STAG1,Avana,ACH-000719,Ovary/Fallopian Tube,intact,-0.2760414353689722
PDS5B_to_PDS5A,Avana,ACH-000719,Ovary/Fallopian Tube,intact,-0.10377112701103382
STAG2_to_STAG1,Avana,ACH-000720,Bladder/Urinary Tract,intact,0.12547610106137286
PDS5B_to_PDS5A,Avana,ACH-000720,Bladder/Urinary Tract,intact,-0.6493725504272891
STAG2_to_STAG1,Avana,ACH-000721,Breast,intact,-0.3068293531934666
PDS5B_to_PDS5A,Avana,ACH-000721,Breast,intact,-0.33638470313224944
STAG2_to_STAG1,Avana,ACH-000724,Bladder/Urinary Tract,intact,-0.0870232532208228
PDS5B_to_PDS5A,Avana,ACH-000724,Bladder/Urinary Tract,intact,-0.6323729580477332
STAG2_to_STAG1,Avana,ACH-000725,Breast,intact,-0.14090391347533832
PDS5B_to_PDS5A,Avana,ACH-000725,Breast,intact,0.05688537574965138
STAG2_to_STAG1,Avana,ACH-000732,Head and Neck,intact,-0.30439385799656504
PDS5B_to_PDS5A,Avana,ACH-000732,Head and Neck,intact,-0.22403937418105885
STAG2_to_STAG1,Avana,ACH-000734,Liver,intact,-0.18574097018601157
PDS5B_to_PDS5A,Avana,ACH-000734,Liver,intact,-1.2179039352125218
STAG2_to_STAG1,Avana,ACH-000735,Head and Neck,intact,-0.5906755680083752
PDS5B_to_PDS5A,Avana,ACH-000735,Head and Neck,intact,-0.13204299997918723
STAG2_to_STAG1,Avana,ACH-000736,Esophagus/Stomach,intact,-0.16313100110003928
PDS5B_to_PDS5A,Avana,ACH-000736,Esophagus/Stomach,intact,-0.3596245067379433
STAG2_to_STAG1,Avana,ACH-000738,CNS/Brain,intact,-0.4139664560512135
PDS5B_to_PDS5A,Avana,ACH-000738,CNS/Brain,intact,-0.420369006333869
STAG2_to_STAG1,Avana,ACH-000739,Liver,intact,0.24484555522759074
PDS5B_to_PDS5A,Avana,ACH-000739,Liver,intact,-0.26035188271235554
STAG2_to_STAG1,Avana,ACH-000740,Head and Neck,intact,0.2843556319821964
PDS5B_to_PDS5A,Avana,ACH-000740,Head and Neck,intact,0.2011139914728539
STAG2_to_STAG1,Avana,ACH-000741,Bladder/Urinary Tract,intact,0.1034936905783032
PDS5B_to_PDS5A,Avana,ACH-000741,Bladder/Urinary Tract,intact,-0.2031233891784309
STAG2_to_STAG1,Avana,ACH-000746,Esophagus/Stomach,intact,-0.4909604236305639
PDS5B_to_PDS5A,Avana,ACH-000746,Esophagus/Stomach,intact,-0.8059159795266857
STAG2_to_STAG1,Avana,ACH-000747,Lung,intact,-0.043152699075901205
PDS5B_to_PDS5A,Avana,ACH-000747,Lung,intact,-0.5797792982463434
STAG2_to_STAG1,Avana,ACH-000748,Bone,intact,0.11370387473748506
PDS5B_to_PDS5A,Avana,ACH-000748,Bone,intact,-0.15933082376793792
STAG2_to_STAG1,Avana,ACH-000753,Bladder/Urinary Tract,intact,0.1255278471941391
PDS5B_to_PDS5A,Avana,ACH-000753,Bladder/Urinary Tract,intact,-0.005477830831322306
STAG2_to_STAG1,Avana,ACH-000754,Lymphoid,intact,-0.6335118778558457
PDS5B_to_PDS5A,Avana,ACH-000754,Lymphoid,intact,-0.41627843813806986
STAG2_to_STAG1,Avana,ACH-000756,CNS/Brain,intact,-0.08993361411167476
PDS5B_to_PDS5A,Avana,ACH-000756,CNS/Brain,intact,-0.4356293585719069
STAG2_to_STAG1,Avana,ACH-000757,Lung,intact,-0.3270665790988575
PDS5B_to_PDS5A,Avana,ACH-000757,Lung,intact,0.011425673617247362
STAG2_to_STAG1,Avana,ACH-000758,Esophagus/Stomach,intact,-0.29333636115904405
PDS5B_to_PDS5A,Avana,ACH-000758,Esophagus/Stomach,intact,-0.020930471290769026
STAG2_to_STAG1,Avana,ACH-000760,CNS/Brain,damaging,0.0323334679662968
PDS5B_to_PDS5A,Avana,ACH-000760,CNS/Brain,intact,0.2801425809523579
STAG2_to_STAG1,Avana,ACH-000762,Head and Neck,intact,-0.06353573426145553
PDS5B_to_PDS5A,Avana,ACH-000762,Head and Neck,intact,-0.8963621392094558
STAG2_to_STAG1,Avana,ACH-000763,Lymphoid,intact,0.0842242415740002
PDS5B_to_PDS5A,Avana,ACH-000763,Lymphoid,intact,-0.6668016343034773
STAG2_to_STAG1,Avana,ACH-000764,Esophagus/Stomach,intact,0.09553159443720816
PDS5B_to_PDS5A,Avana,ACH-000764,Esophagus/Stomach,intact,-0.13132610476258805
STAG2_to_STAG1,Avana,ACH-000765,Skin,intact,0.3953716151640291
PDS5B_to_PDS5A,Avana,ACH-000765,Skin,intact,-0.3479054924571092
STAG2_to_STAG1,Avana,ACH-000766,Lung,intact,0.016302198719665872
PDS5B_to_PDS5A,Avana,ACH-000766,Lung,intact,-0.7259491910899236
STAG2_to_STAG1,Avana,ACH-000767,Lung,intact,-0.30599170263473796
PDS5B_to_PDS5A,Avana,ACH-000767,Lung,intact,-0.1919357729822261
STAG2_to_STAG1,Avana,ACH-000768,Breast,intact,-0.15303192529029408
PDS5B_to_PDS5A,Avana,ACH-000768,Breast,intact,-1.0855415671305568
STAG2_to_STAG1,Avana,ACH-000769,Lung,intact,-0.40042560407106564
PDS5B_to_PDS5A,Avana,ACH-000769,Lung,intact,-0.3904549272878294
STAG2_to_STAG1,Avana,ACH-000770,Myeloid,intact,0.023171671795602682
PDS5B_to_PDS5A,Avana,ACH-000770,Myeloid,intact,-1.3517306096418107
STAG2_to_STAG1,Avana,ACH-000771,Head and Neck,intact,-0.21776373864436094
PDS5B_to_PDS5A,Avana,ACH-000771,Head and Neck,intact,-0.12927137954826579
STAG2_to_STAG1,Avana,ACH-000773,Lymphoid,damaging,-1.7757393170126976
PDS5B_to_PDS5A,Avana,ACH-000773,Lymphoid,intact,-0.43026688041455713
STAG2_to_STAG1,Avana,ACH-000774,Lung,intact,-0.3252531584336542
PDS5B_to_PDS5A,Avana,ACH-000774,Lung,intact,-0.6125509246981395
STAG2_to_STAG1,Avana,ACH-000775,Lung,intact,0.028643698705635295
PDS5B_to_PDS5A,Avana,ACH-000775,Lung,intact,-0.09999022008497299
STAG2_to_STAG1,Avana,ACH-000776,CNS/Brain,intact,0.09113494412388459
PDS5B_to_PDS5A,Avana,ACH-000776,CNS/Brain,intact,-0.28611795273176854
STAG2_to_STAG1,Avana,ACH-000777,Esophagus/Stomach,intact,0.2773275354879695
PDS5B_to_PDS5A,Avana,ACH-000777,Esophagus/Stomach,intact,-1.0209347933753952
STAG2_to_STAG1,Avana,ACH-000778,Head and Neck,intact,-0.3452869904238551
PDS5B_to_PDS5A,Avana,ACH-000778,Head and Neck,intact,-0.1798559688856099
STAG2_to_STAG1,Avana,ACH-000781,Lung,intact,-0.4276611369655688
PDS5B_to_PDS5A,Avana,ACH-000781,Lung,intact,-0.03517198789668738
STAG2_to_STAG1,Avana,ACH-000782,Lymphoid,intact,-0.034526563286864424
PDS5B_to_PDS5A,Avana,ACH-000782,Lymphoid,intact,-0.27730147272032374
STAG2_to_STAG1,Avana,ACH-000783,Breast,intact,-0.019447338089617818
PDS5B_to_PDS5A,Avana,ACH-000783,Breast,intact,-0.13012314124752378
STAG2_to_STAG1,Avana,ACH-000784,Esophagus/Stomach,intact,-0.45740800435921036
PDS5B_to_PDS5A,Avana,ACH-000784,Esophagus/Stomach,intact,-0.47618751726049535
STAG2_to_STAG1,Avana,ACH-000785,Lung,intact,-0.12258484321082928
PDS5B_to_PDS5A,Avana,ACH-000785,Lung,intact,0.1365997851433004
STAG2_to_STAG1,Avana,ACH-000787,Lung,intact,-0.3070636492170671
PDS5B_to_PDS5A,Avana,ACH-000787,Lung,intact,-0.5105841754340048
STAG2_to_STAG1,Avana,ACH-000788,Skin,intact,0.21789738060458527
PDS5B_to_PDS5A,Avana,ACH-000788,Skin,intact,-0.454108765691318
STAG2_to_STAG1,Avana,ACH-000790,Lung,intact,-0.172651176768582
PDS5B_to_PDS5A,Avana,ACH-000790,Lung,intact,-0.11209362226731562
STAG2_to_STAG1,Avana,ACH-000791,Lung,intact,0.034886189216876994
PDS5B_to_PDS5A,Avana,ACH-000791,Lung,intact,-0.07251466439295326
STAG2_to_STAG1,Avana,ACH-000792,Kidney,intact,0.06283594190458956
PDS5B_to_PDS5A,Avana,ACH-000792,Kidney,intact,-0.8598506545870594
STAG2_to_STAG1,Avana,ACH-000793,Esophagus/Stomach,intact,-0.6585210584286362
PDS5B_to_PDS5A,Avana,ACH-000793,Esophagus/Stomach,intact,-0.2992544996465627
STAG2_to_STAG1,Avana,ACH-000794,Head and Neck,intact,0.24575628851994535
PDS5B_to_PDS5A,Avana,ACH-000794,Head and Neck,intact,0.6403874276326578
STAG2_to_STAG1,Avana,ACH-000796,Ovary/Fallopian Tube,intact,-0.12217263619268515
PDS5B_to_PDS5A,Avana,ACH-000796,Ovary/Fallopian Tube,intact,-0.020422507363188305
STAG2_to_STAG1,Avana,ACH-000799,Skin,intact,-0.317698482526291
PDS5B_to_PDS5A,Avana,ACH-000799,Skin,intact,-0.37876707361447837
STAG2_to_STAG1,Avana,ACH-000800,Lung,intact,-0.30841675892559184
PDS5B_to_PDS5A,Avana,ACH-000800,Lung,intact,-0.8142928422991706
STAG2_to_STAG1,Avana,ACH-000801,Skin,intact,-0.1595718024555725
PDS5B_to_PDS5A,Avana,ACH-000801,Skin,intact,-1.0923807565957455
STAG2_to_STAG1,Avana,ACH-000802,Bladder/Urinary Tract,intact,-0.15526068677082622
PDS5B_to_PDS5A,Avana,ACH-000802,Bladder/Urinary Tract,intact,-0.8401087296953653
STAG2_to_STAG1,Avana,ACH-000804,Peripheral Nervous System,intact,-0.05237259111044379
PDS5B_to_PDS5A,Avana,ACH-000804,Peripheral Nervous System,intact,-0.5414941735201502
STAG2_to_STAG1,Avana,ACH-000805,Skin,intact,0.09706168593814365
PDS5B_to_PDS5A,Avana,ACH-000805,Skin,intact,-0.8139294988662871
STAG2_to_STAG1,Avana,ACH-000807,CNS/Brain,intact,-0.033602487555391795
PDS5B_to_PDS5A,Avana,ACH-000807,CNS/Brain,intact,-0.4666675614455751
STAG2_to_STAG1,Avana,ACH-000809,Esophagus/Stomach,intact,-0.2421721673647902
PDS5B_to_PDS5A,Avana,ACH-000809,Esophagus/Stomach,intact,-0.3313300708494915
STAG2_to_STAG1,Avana,ACH-000810,Skin,intact,0.03792227975846981
PDS5B_to_PDS5A,Avana,ACH-000810,Skin,intact,-1.0117158331907117
STAG2_to_STAG1,Avana,ACH-000811,Ovary/Fallopian Tube,intact,-0.1434180901939503
PDS5B_to_PDS5A,Avana,ACH-000811,Ovary/Fallopian Tube,intact,-0.007202825844166406
STAG2_to_STAG1,Avana,ACH-000817,Lymphoid,intact,-0.1454103404518112
PDS5B_to_PDS5A,Avana,ACH-000817,Lymphoid,intact,0.9456426156576905
STAG2_to_STAG1,Avana,ACH-000819,CNS/Brain,intact,-0.11073238404386475
PDS5B_to_PDS5A,Avana,ACH-000819,CNS/Brain,intact,-0.2324070656789678
STAG2_to_STAG1,Avana,ACH-000820,Bowel,intact,-0.1493583793025542
PDS5B_to_PDS5A,Avana,ACH-000820,Bowel,intact,-0.2024941085223499
STAG2_to_STAG1,Avana,ACH-000821,Lymphoid,intact,-0.29924708409816914
PDS5B_to_PDS5A,Avana,ACH-000821,Lymphoid,intact,-0.726387579494951
STAG2_to_STAG1,Avana,ACH-000822,Skin,intact,-0.14580832442214758
PDS5B_to_PDS5A,Avana,ACH-000822,Skin,intact,-0.23275084862616868
STAG2_to_STAG1,Avana,ACH-000823,Esophagus/Stomach,intact,-0.10339311838172498
PDS5B_to_PDS5A,Avana,ACH-000823,Esophagus/Stomach,intact,0.06813958368635746
STAG2_to_STAG1,Avana,ACH-000824,Esophagus/Stomach,intact,0.12245936964047904
PDS5B_to_PDS5A,Avana,ACH-000824,Esophagus/Stomach,intact,-0.35127503412122163
STAG2_to_STAG1,Avana,ACH-000827,Skin,intact,-0.16614393622782447
PDS5B_to_PDS5A,Avana,ACH-000827,Skin,intact,0.0795897036005592
STAG2_to_STAG1,Avana,ACH-000829,Lymphoid,intact,-0.9875802092672357
PDS5B_to_PDS5A,Avana,ACH-000829,Lymphoid,intact,-0.7264239468025515
STAG2_to_STAG1,Avana,ACH-000831,Uterus,intact,-0.36932106369890694
PDS5B_to_PDS5A,Avana,ACH-000831,Uterus,intact,-0.30255103841468756
STAG2_to_STAG1,Avana,ACH-000832,Head and Neck,intact,-0.08391897156638967
PDS5B_to_PDS5A,Avana,ACH-000832,Head and Neck,intact,-0.652545327402641
STAG2_to_STAG1,Avana,ACH-000833,Soft Tissue,intact,-0.26285193735487017
PDS5B_to_PDS5A,Avana,ACH-000833,Soft Tissue,intact,-0.5095798633535047
STAG2_to_STAG1,Avana,ACH-000834,Bladder/Urinary Tract,intact,-0.2874421081471188
PDS5B_to_PDS5A,Avana,ACH-000834,Bladder/Urinary Tract,intact,-0.3567679958339962
STAG2_to_STAG1,Avana,ACH-000835,Soft Tissue,intact,-0.586053869145648
PDS5B_to_PDS5A,Avana,ACH-000835,Soft Tissue,intact,-0.7733738210413231
STAG2_to_STAG1,Avana,ACH-000836,Head and Neck,intact,-0.46591480467681634
PDS5B_to_PDS5A,Avana,ACH-000836,Head and Neck,intact,-0.8935479619211091
STAG2_to_STAG1,Avana,ACH-000837,Lung,intact,0.060658889431821586
PDS5B_to_PDS5A,Avana,ACH-000837,Lung,intact,-0.22944827390998013
STAG2_to_STAG1,Avana,ACH-000838,Lymphoid,intact,0.11270017001588949
PDS5B_to_PDS5A,Avana,ACH-000838,Lymphoid,intact,-0.483356662011884
STAG2_to_STAG1,Avana,ACH-000839,Bladder/Urinary Tract,intact,0.0054889239086177155
PDS5B_to_PDS5A,Avana,ACH-000839,Bladder/Urinary Tract,intact,-0.18997254384080217
STAG2_to_STAG1,Avana,ACH-000840,Lung,intact,-0.054190400152691165
PDS5B_to_PDS5A,Avana,ACH-000840,Lung,intact,-2.1267743448514698
STAG2_to_STAG1,Avana,ACH-000841,Lung,intact,-0.17285346295849718
PDS5B_to_PDS5A,Avana,ACH-000841,Lung,intact,-0.3837978005731031
STAG2_to_STAG1,Avana,ACH-000843,Lung,intact,-0.08596506048771033
PDS5B_to_PDS5A,Avana,ACH-000843,Lung,intact,-0.6543137022256889
STAG2_to_STAG1,Avana,ACH-000845,Lung,intact,-0.5352661472239868
PDS5B_to_PDS5A,Avana,ACH-000845,Lung,intact,-0.9619772225358223
STAG2_to_STAG1,Avana,ACH-000846,Head and Neck,intact,-0.13156549163114623
PDS5B_to_PDS5A,Avana,ACH-000846,Head and Neck,intact,-0.5080496871028605
STAG2_to_STAG1,Avana,ACH-000847,Esophagus/Stomach,intact,-0.07686696309855229
PDS5B_to_PDS5A,Avana,ACH-000847,Esophagus/Stomach,intact,-0.1840732339025072
STAG2_to_STAG1,Avana,ACH-000848,Liver,intact,-0.06441840083533419
PDS5B_to_PDS5A,Avana,ACH-000848,Liver,intact,-0.23854027554422422
STAG2_to_STAG1,Avana,ACH-000849,Breast,intact,0.1942743994297969
PDS5B_to_PDS5A,Avana,ACH-000849,Breast,intact,0.11704606148213145
STAG2_to_STAG1,Avana,ACH-000851,Lung,intact,-0.44056393893952506
PDS5B_to_PDS5A,Avana,ACH-000851,Lung,intact,-0.7099845893545478
STAG2_to_STAG1,Avana,ACH-000853,Lung,intact,-0.24228476815772826
PDS5B_to_PDS5A,Avana,ACH-000853,Lung,intact,-0.6284184464479425
STAG2_to_STAG1,Avana,ACH-000855,Esophagus/Stomach,intact,-0.4360989294654489
PDS5B_to_PDS5A,Avana,ACH-000855,Esophagus/Stomach,intact,-0.21007016885063884
STAG2_to_STAG1,Avana,ACH-000856,Breast,intact,-0.043765801679322085
PDS5B_to_PDS5A,Avana,ACH-000856,Breast,damaging,-2.2607961587971808
STAG2_to_STAG1,Avana,ACH-000858,Lung,intact,-0.05958041405316953
PDS5B_to_PDS5A,Avana,ACH-000858,Lung,intact,-0.3098685864028998
STAG2_to_STAG1,Avana,ACH-000859,Breast,intact,0.013133047695121011
PDS5B_to_PDS5A,Avana,ACH-000859,Breast,intact,-0.37613850218480993
STAG2_to_STAG1,Avana,ACH-000860,Lung,intact,0.23123271299645998
PDS5B_to_PDS5A,Avana,ACH-000860,Lung,intact,-0.4148789940352394
STAG2_to_STAG1,Avana,ACH-000861,Lung,intact,-0.3081650045363699
PDS5B_to_PDS5A,Avana,ACH-000861,Lung,intact,-0.7029501954365988
STAG2_to_STAG1,Avana,ACH-000862,Bladder/Urinary Tract,intact,-0.02824599320469859
PDS5B_to_PDS5A,Avana,ACH-000862,Bladder/Urinary Tract,intact,-0.3782019581250093
STAG2_to_STAG1,Avana,ACH-000865,Esophagus/Stomach,intact,-0.3905117914078284
PDS5B_to_PDS5A,Avana,ACH-000865,Esophagus/Stomach,intact,-0.1826218021575329
STAG2_to_STAG1,Avana,ACH-000866,Lung,intact,-0.6270906288304205
PDS5B_to_PDS5A,Avana,ACH-000866,Lung,intact,-0.6332013885721083
STAG2_to_STAG1,Avana,ACH-000867,Lung,intact,0.11045760911483558
PDS5B_to_PDS5A,Avana,ACH-000867,Lung,intact,-1.0060301259211726
STAG2_to_STAG1,Avana,ACH-000869,Lung,intact,0.004234492003340071
PDS5B_to_PDS5A,Avana,ACH-000869,Lung,intact,0.03756258864128444
STAG2_to_STAG1,Avana,ACH-000871,Lung,intact,-0.23870773980219842
PDS5B_to_PDS5A,Avana,ACH-000871,Lung,intact,-0.09533727738949029
STAG2_to_STAG1,Avana,ACH-000872,Lung,intact,-0.15706374306742826
PDS5B_to_PDS5A,Avana,ACH-000872,Lung,intact,-0.050806176594954004
STAG2_to_STAG1,Avana,ACH-000873,Esophagus/Stomach,intact,-0.3643084722181295
PDS5B_to_PDS5A,Avana,ACH-000873,Esophagus/Stomach,intact,-0.7017769099955036
STAG2_to_STAG1,Avana,ACH-000876,Breast,intact,-0.0844674680119978
PDS5B_to_PDS5A,Avana,ACH-000876,Breast,intact,-0.6426540027349184
STAG2_to_STAG1,Avana,ACH-000878,Lung,intact,-0.03142432165940438
PDS5B_to_PDS5A,Avana,ACH-000878,Lung,intact,-0.49174189687929065
STAG2_to_STAG1,Avana,ACH-000880,Esophagus/Stomach,intact,-0.421294984436435
PDS5B_to_PDS5A,Avana,ACH-000880,Esophagus/Stomach,intact,-0.8520313960340893
STAG2_to_STAG1,Avana,ACH-000881,Skin,intact,-0.19931786268523416
PDS5B_to_PDS5A,Avana,ACH-000881,Skin,intact,-0.07970289899986452
STAG2_to_STAG1,Avana,ACH-000882,Skin,intact,-0.7152780317947696
PDS5B_to_PDS5A,Avana,ACH-000882,Skin,intact,-0.5534294594722482
STAG2_to_STAG1,Avana,ACH-000884,Skin,intact,-0.32910837909199536
PDS5B_to_PDS5A,Avana,ACH-000884,Skin,intact,-0.7018817784234455
STAG2_to_STAG1,Avana,ACH-000885,Ovary/Fallopian Tube,intact,0.15131027552201098
PDS5B_to_PDS5A,Avana,ACH-000885,Ovary/Fallopian Tube,damaging,-0.8509640205995925
STAG2_to_STAG1,Avana,ACH-000886,Lung,intact,-0.5479464996828022
PDS5B_to_PDS5A,Avana,ACH-000886,Lung,intact,-0.34501767390330074
STAG2_to_STAG1,Avana,ACH-000887,CNS/Brain,intact,-0.1505638877889211
PDS5B_to_PDS5A,Avana,ACH-000887,CNS/Brain,intact,-0.542955730453266
STAG2_to_STAG1,Avana,ACH-000888,Lung,intact,-0.1877566566673018
PDS5B_to_PDS5A,Avana,ACH-000888,Lung,intact,-0.6148537622455956
STAG2_to_STAG1,Avana,ACH-000889,Lymphoid,intact,-0.5259975478998733
PDS5B_to_PDS5A,Avana,ACH-000889,Lymphoid,intact,-1.005344183579727
STAG2_to_STAG1,Avana,ACH-000890,Lung,intact,-0.07970067120836215
PDS5B_to_PDS5A,Avana,ACH-000890,Lung,intact,-0.23437992382450532
STAG2_to_STAG1,Avana,ACH-000896,Bladder/Urinary Tract,intact,-0.19352004724927774
PDS5B_to_PDS5A,Avana,ACH-000896,Bladder/Urinary Tract,intact,-1.523615514754081
STAG2_to_STAG1,Avana,ACH-000898,Esophagus/Stomach,intact,0.0396209368025743
PDS5B_to_PDS5A,Avana,ACH-000898,Esophagus/Stomach,intact,0.21491644513696073
STAG2_to_STAG1,Avana,ACH-000899,Skin,intact,-1.5753031183059427
PDS5B_to_PDS5A,Avana,ACH-000899,Skin,intact,-0.8704743063936585
STAG2_to_STAG1,Avana,ACH-000900,Lung,intact,0.18367398581567076
PDS5B_to_PDS5A,Avana,ACH-000900,Lung,intact,-0.6659389065315738
STAG2_to_STAG1,Avana,ACH-000901,Lung,intact,-0.08457640905863581
PDS5B_to_PDS5A,Avana,ACH-000901,Lung,intact,-0.5035137279044918
STAG2_to_STAG1,Avana,ACH-000903,Thyroid,intact,0.04771731617390744
PDS5B_to_PDS5A,Avana,ACH-000903,Thyroid,intact,-0.7031258976984884
STAG2_to_STAG1,Avana,ACH-000905,Bladder/Urinary Tract,intact,-0.031067241335406177
PDS5B_to_PDS5A,Avana,ACH-000905,Bladder/Urinary Tract,intact,-0.961904042598531
STAG2_to_STAG1,Avana,ACH-000906,Ovary/Fallopian Tube,intact,-0.2900523954516941
PDS5B_to_PDS5A,Avana,ACH-000906,Ovary/Fallopian Tube,intact,-1.2754510916521098
STAG2_to_STAG1,Avana,ACH-000907,Kidney,intact,0.046220958002264556
PDS5B_to_PDS5A,Avana,ACH-000907,Kidney,intact,-0.24087432377086543
STAG2_to_STAG1,Avana,ACH-000910,Breast,intact,-0.03313279623404099
PDS5B_to_PDS5A,Avana,ACH-000910,Breast,intact,-0.5732869384493146
STAG2_to_STAG1,Avana,ACH-000911,Esophagus/Stomach,intact,0.17552515905948496
PDS5B_to_PDS5A,Avana,ACH-000911,Esophagus/Stomach,intact,-1.4062072754839794
STAG2_to_STAG1,Avana,ACH-000912,Lung,intact,0.06641855495418723
PDS5B_to_PDS5A,Avana,ACH-000912,Lung,intact,-1.9153187208142253
STAG2_to_STAG1,Avana,ACH-000913,Uterus,intact,-0.9796215705405253
PDS5B_to_PDS5A,Avana,ACH-000913,Uterus,intact,-0.5944052371619231
STAG2_to_STAG1,Avana,ACH-000914,Lymphoid,intact,-0.39712064031045186
PDS5B_to_PDS5A,Avana,ACH-000914,Lymphoid,intact,-0.1463139957197179
STAG2_to_STAG1,Avana,ACH-000915,Skin,intact,-0.13947711141192792
PDS5B_to_PDS5A,Avana,ACH-000915,Skin,intact,-2.2147126727083926
STAG2_to_STAG1,Avana,ACH-000916,Lung,intact,0.2557391931068289
PDS5B_to_PDS5A,Avana,ACH-000916,Lung,intact,-0.7578514915493504
STAG2_to_STAG1,Avana,ACH-000917,Esophagus/Stomach,intact,-0.04919744394982005
PDS5B_to_PDS5A,Avana,ACH-000917,Esophagus/Stomach,intact,-0.1828402620681877
STAG2_to_STAG1,Avana,ACH-000920,Myeloid,intact,0.11880843584136254
PDS5B_to_PDS5A,Avana,ACH-000920,Myeloid,damaging,-0.8997370974494037
STAG2_to_STAG1,Avana,ACH-000921,Lung,intact,-0.19452899490816267
PDS5B_to_PDS5A,Avana,ACH-000921,Lung,damaging,-0.9431961285645771
STAG2_to_STAG1,Avana,ACH-000922,Lymphoid,intact,0.016095696079943437
PDS5B_to_PDS5A,Avana,ACH-000922,Lymphoid,intact,-0.9832814254739048
STAG2_to_STAG1,Avana,ACH-000924,Lung,intact,-0.08650541284577964
PDS5B_to_PDS5A,Avana,ACH-000924,Lung,intact,-0.5997627345688028
STAG2_to_STAG1,Avana,ACH-000926,Bowel,intact,-0.29627399389480824
PDS5B_to_PDS5A,Avana,ACH-000926,Bowel,intact,-0.6485274153965703
STAG2_to_STAG1,Avana,ACH-000928,Uterus,intact,-0.45852467440346395
PDS5B_to_PDS5A,Avana,ACH-000928,Uterus,damaging,-1.6869569640573485
STAG2_to_STAG1,Avana,ACH-000929,Lung,intact,0.06081253460316022
PDS5B_to_PDS5A,Avana,ACH-000929,Lung,intact,0.14185191826331917
STAG2_to_STAG1,Avana,ACH-000932,Esophagus/Stomach,intact,-0.5053303060104716
PDS5B_to_PDS5A,Avana,ACH-000932,Esophagus/Stomach,intact,-0.6510765133506884
STAG2_to_STAG1,Avana,ACH-000935,Bowel,intact,-0.10006231081656305
PDS5B_to_PDS5A,Avana,ACH-000935,Bowel,intact,-0.8893851237478574
STAG2_to_STAG1,Avana,ACH-000936,Ovary/Fallopian Tube,intact,-0.5949826917949097
PDS5B_to_PDS5A,Avana,ACH-000936,Ovary/Fallopian Tube,intact,0.01647098967351332
STAG2_to_STAG1,Avana,ACH-000937,Lymphoid,intact,-0.5008741099642782
PDS5B_to_PDS5A,Avana,ACH-000937,Lymphoid,intact,-0.4011203442235746
STAG2_to_STAG1,Avana,ACH-000938,Lymphoid,intact,-0.09456271803448284
PDS5B_to_PDS5A,Avana,ACH-000938,Lymphoid,intact,-0.17321067645994803
STAG2_to_STAG1,Avana,ACH-000939,Uterus,intact,-0.23500562186734214
PDS5B_to_PDS5A,Avana,ACH-000939,Uterus,intact,-0.8020407660358931
STAG2_to_STAG1,Avana,ACH-000941,Uterus,intact,-0.28587266197228367
PDS5B_to_PDS5A,Avana,ACH-000941,Uterus,intact,0.08346270963984415
STAG2_to_STAG1,Avana,ACH-000943,Bowel,intact,-0.12144336408460057
PDS5B_to_PDS5A,Avana,ACH-000943,Bowel,intact,-0.4545468227623326
STAG2_to_STAG1,Avana,ACH-000944,Lymphoid,intact,-0.028168246498710664
PDS5B_to_PDS5A,Avana,ACH-000944,Lymphoid,intact,0.2950628197166009
STAG2_to_STAG1,Avana,ACH-000946,Uterus,damaging,0.00937958654545619
PDS5B_to_PDS5A,Avana,ACH-000946,Uterus,intact,-1.0208056996757913
STAG2_to_STAG1,Avana,ACH-000947,Ovary/Fallopian Tube,intact,-1.0165885292553274
PDS5B_to_PDS5A,Avana,ACH-000947,Ovary/Fallopian Tube,damaging,-2.3130358990741025
STAG2_to_STAG1,Avana,ACH-000948,Esophagus/Stomach,damaging,-0.5033176141605877
PDS5B_to_PDS5A,Avana,ACH-000948,Esophagus/Stomach,intact,-0.5738759490194866
STAG2_to_STAG1,Avana,ACH-000950,Bowel,intact,-0.023728424860395975
PDS5B_to_PDS5A,Avana,ACH-000950,Bowel,intact,-0.33326250944085944
STAG2_to_STAG1,Avana,ACH-000953,Lymphoid,intact,0.22805925323921708
PDS5B_to_PDS5A,Avana,ACH-000953,Lymphoid,intact,-0.34723988830034536
STAG2_to_STAG1,Avana,ACH-000957,Bowel,intact,-0.08486366718289377
PDS5B_to_PDS5A,Avana,ACH-000957,Bowel,intact,-0.6042769539520396
STAG2_to_STAG1,Avana,ACH-000958,Bowel,intact,-0.49650267156340977
PDS5B_to_PDS5A,Avana,ACH-000958,Bowel,intact,-0.679411051446047
STAG2_to_STAG1,Avana,ACH-000959,Bowel,intact,-0.1575664434256403
PDS5B_to_PDS5A,Avana,ACH-000959,Bowel,damaging,-1.9295548722857732
STAG2_to_STAG1,Avana,ACH-000960,Lymphoid,intact,-0.05832627048696501
PDS5B_to_PDS5A,Avana,ACH-000960,Lymphoid,intact,-0.300388268266273
STAG2_to_STAG1,Avana,ACH-000961,Uterus,intact,-0.12263974439886997
PDS5B_to_PDS5A,Avana,ACH-000961,Uterus,damaging,-1.2089511408985527
STAG2_to_STAG1,Avana,ACH-000963,Bowel,intact,-0.07073543237644848
PDS5B_to_PDS5A,Avana,ACH-000963,Bowel,damaging,-0.5220464594254556
STAG2_to_STAG1,Avana,ACH-000965,Uterus,intact,0.4738365138433757
PDS5B_to_PDS5A,Avana,ACH-000965,Uterus,damaging,-2.4572096840865587
STAG2_to_STAG1,Avana,ACH-000968,Skin,intact,-0.16611365695542277
PDS5B_to_PDS5A,Avana,ACH-000968,Skin,intact,-0.09481382816008926
STAG2_to_STAG1,Avana,ACH-000969,Bowel,intact,-0.3782534414921255
PDS5B_to_PDS5A,Avana,ACH-000969,Bowel,intact,-0.40886873050513806
STAG2_to_STAG1,Avana,ACH-000973,Bladder/Urinary Tract,intact,0.05976336040501797
PDS5B_to_PDS5A,Avana,ACH-000973,Bladder/Urinary Tract,intact,-0.6251668302874505
STAG2_to_STAG1,Avana,ACH-000974,Uterus,intact,-0.20961871551792524
PDS5B_to_PDS5A,Avana,ACH-000974,Uterus,intact,-1.0701269690102033
STAG2_to_STAG1,Avana,ACH-000975,Lung,intact,0.17973926730482764
PDS5B_to_PDS5A,Avana,ACH-000975,Lung,intact,-0.8862411801444381
STAG2_to_STAG1,Avana,ACH-000976,Biliary Tract,intact,-0.11405655306469108
PDS5B_to_PDS5A,Avana,ACH-000976,Biliary Tract,intact,-0.2854881564039466
STAG2_to_STAG1,Avana,ACH-000977,Prostate,intact,-0.5628117552840045
PDS5B_to_PDS5A,Avana,ACH-000977,Prostate,intact,-0.9760618470830053
STAG2_to_STAG1,Avana,ACH-000978,Uterus,intact,-0.1396835722607755
PDS5B_to_PDS5A,Avana,ACH-000978,Uterus,damaging,-0.8889862517317728
STAG2_to_STAG1,Avana,ACH-000980,Lung,damaging,-0.1279442616645045
PDS5B_to_PDS5A,Avana,ACH-000980,Lung,intact,-0.05617094413341842
STAG2_to_STAG1,Avana,ACH-000983,Myeloid,intact,-0.15393157879338656
PDS5B_to_PDS5A,Avana,ACH-000983,Myeloid,intact,-0.5560486750886371
STAG2_to_STAG1,Avana,ACH-000984,Uterus,intact,-0.07010105520655915
PDS5B_to_PDS5A,Avana,ACH-000984,Uterus,intact,0.1428185766102414
STAG2_to_STAG1,Avana,ACH-000986,Bowel,intact,-0.17244898088584287
PDS5B_to_PDS5A,Avana,ACH-000986,Bowel,intact,0.1331245876482595
STAG2_to_STAG1,Avana,ACH-000988,Uterus,intact,-0.2489757809995639
PDS5B_to_PDS5A,Avana,ACH-000988,Uterus,damaging,-1.0918947706782296
STAG2_to_STAG1,Avana,ACH-000993,Uterus,damaging,0.3126503110207465
PDS5B_to_PDS5A,Avana,ACH-000993,Uterus,intact,-1.2290468927721827
STAG2_to_STAG1,Avana,ACH-000994,Uterus,intact,-0.5020700619916929
PDS5B_to_PDS5A,Avana,ACH-000994,Uterus,damaging,-0.3949903836087456
STAG2_to_STAG1,Avana,ACH-000995,Lymphoid,intact,-0.1377970997020994
PDS5B_to_PDS5A,Avana,ACH-000995,Lymphoid,intact,-0.9459594637721151
STAG2_to_STAG1,Avana,ACH-000996,Uterus,intact,-0.0633160524178558
PDS5B_to_PDS5A,Avana,ACH-000996,Uterus,damaging,-0.23503840531731646
STAG2_to_STAG1,Avana,ACH-001001,Bone,intact,0.10483641051177008
PDS5B_to_PDS5A,Avana,ACH-001001,Bone,intact,0.19654780931198262
STAG2_to_STAG1,Avana,ACH-001020,CNS/Brain,intact,-0.22905885228847958
PDS5B_to_PDS5A,Avana,ACH-001020,CNS/Brain,intact,-0.854128286719098
STAG2_to_STAG1,Avana,ACH-001028,CNS/Brain,intact,-0.10489980025435616
PDS5B_to_PDS5A,Avana,ACH-001028,CNS/Brain,intact,0.04755298732288879
STAG2_to_STAG1,Avana,ACH-001029,Bone,intact,-0.7961013850357377
PDS5B_to_PDS5A,Avana,ACH-001029,Bone,intact,-1.0360367069156275
STAG2_to_STAG1,Avana,ACH-001031,CNS/Brain,intact,-0.5955503813557801
PDS5B_to_PDS5A,Avana,ACH-001031,CNS/Brain,intact,-1.775038096349484
STAG2_to_STAG1,Avana,ACH-001033,CNS/Brain,intact,-0.14921317970872794
PDS5B_to_PDS5A,Avana,ACH-001033,CNS/Brain,intact,-0.4198211514933749
STAG2_to_STAG1,Avana,ACH-001036,Myeloid,intact,-0.2854991725226572
PDS5B_to_PDS5A,Avana,ACH-001036,Myeloid,intact,-1.0076645962579933
STAG2_to_STAG1,Avana,ACH-001038,Bone,damaging,-2.30563679642865
PDS5B_to_PDS5A,Avana,ACH-001038,Bone,intact,-1.1568307119112746
STAG2_to_STAG1,Avana,ACH-001041,Skin,intact,0.04018538564050783
PDS5B_to_PDS5A,Avana,ACH-001041,Skin,intact,-0.6727178523109458
STAG2_to_STAG1,Avana,ACH-001048,Ovary/Fallopian Tube,intact,-0.4331087435492714
PDS5B_to_PDS5A,Avana,ACH-001048,Ovary/Fallopian Tube,intact,-0.35058946039500866
STAG2_to_STAG1,Avana,ACH-001050,Soft Tissue,intact,-0.6102566011561072
PDS5B_to_PDS5A,Avana,ACH-001050,Soft Tissue,intact,-0.9176921683672623
STAG2_to_STAG1,Avana,ACH-001053,CNS/Brain,intact,0.06908995931166799
PDS5B_to_PDS5A,Avana,ACH-001053,CNS/Brain,intact,-0.41064476301426267
STAG2_to_STAG1,Avana,ACH-001054,CNS/Brain,intact,-0.45883310007979367
PDS5B_to_PDS5A,Avana,ACH-001054,CNS/Brain,intact,-0.5400497527665179
STAG2_to_STAG1,Avana,ACH-001061,Bowel,intact,-0.2186820941099735
PDS5B_to_PDS5A,Avana,ACH-001061,Bowel,damaging,-0.34041353910074323
STAG2_to_STAG1,Avana,ACH-001067,CNS/Brain,intact,-2.188968050368489
PDS5B_to_PDS5A,Avana,ACH-001067,CNS/Brain,intact,-2.765962025455259
STAG2_to_STAG1,Avana,ACH-001075,Lung,intact,-0.2740346498505515
PDS5B_to_PDS5A,Avana,ACH-001075,Lung,intact,0.3017726063235199
STAG2_to_STAG1,Avana,ACH-001096,Soft Tissue,intact,-0.09061919664801679
PDS5B_to_PDS5A,Avana,ACH-001096,Soft Tissue,intact,-0.8224788205931968
STAG2_to_STAG1,Avana,ACH-001098,Pancreas,intact,-0.5109876295915092
PDS5B_to_PDS5A,Avana,ACH-001098,Pancreas,intact,-0.2373778052872334
STAG2_to_STAG1,Avana,ACH-001099,Kidney,intact,-0.3265443970671894
PDS5B_to_PDS5A,Avana,ACH-001099,Kidney,intact,-1.0227796708848653
STAG2_to_STAG1,Avana,ACH-001119,Lymphoid,intact,0.014514090961300324
PDS5B_to_PDS5A,Avana,ACH-001119,Lymphoid,intact,-0.25362986130207543
STAG2_to_STAG1,Avana,ACH-001128,Kidney,intact,-0.27243352452344183
PDS5B_to_PDS5A,Avana,ACH-001128,Kidney,intact,-1.7637970090235642
STAG2_to_STAG1,Avana,ACH-001129,Myeloid,intact,0.004278101089289055
PDS5B_to_PDS5A,Avana,ACH-001129,Myeloid,intact,-0.3987076459086882
STAG2_to_STAG1,Avana,ACH-001134,Lymphoid,intact,-1.2734192292136757
PDS5B_to_PDS5A,Avana,ACH-001134,Lymphoid,intact,-0.2641690658729909
STAG2_to_STAG1,Avana,ACH-001145,Ovary/Fallopian Tube,intact,-0.40423406691257036
PDS5B_to_PDS5A,Avana,ACH-001145,Ovary/Fallopian Tube,intact,-2.1788800911020414
STAG2_to_STAG1,Avana,ACH-001151,Ovary/Fallopian Tube,intact,-0.21322071543636373
PDS5B_to_PDS5A,Avana,ACH-001151,Ovary/Fallopian Tube,intact,-0.17047895711029235
STAG2_to_STAG1,Avana,ACH-001163,Kidney,intact,0.16855941684407444
PDS5B_to_PDS5A,Avana,ACH-001163,Kidney,intact,-0.48649420824158784
STAG2_to_STAG1,Avana,ACH-001164,Soft Tissue,intact,-0.03356324648552355
PDS5B_to_PDS5A,Avana,ACH-001164,Soft Tissue,intact,-0.47775077548129774
STAG2_to_STAG1,Avana,ACH-001172,CNS/Brain,intact,0.07306469595558684
PDS5B_to_PDS5A,Avana,ACH-001172,CNS/Brain,intact,-0.3956995200877035
STAG2_to_STAG1,Avana,ACH-001183,Bladder/Urinary Tract,intact,-0.18769607316726944
PDS5B_to_PDS5A,Avana,ACH-001183,Bladder/Urinary Tract,intact,-0.15216845431861079
STAG2_to_STAG1,Avana,ACH-001184,Soft Tissue,intact,-0.5040492458958727
PDS5B_to_PDS5A,Avana,ACH-001184,Soft Tissue,intact,-0.8894321982966907
STAG2_to_STAG1,Avana,ACH-001188,Peripheral Nervous System,intact,-0.29890455255985243
PDS5B_to_PDS5A,Avana,ACH-001188,Peripheral Nervous System,intact,-0.6336497709384769
STAG2_to_STAG1,Avana,ACH-001190,Skin,intact,-0.1966274613250253
PDS5B_to_PDS5A,Avana,ACH-001190,Skin,intact,-0.21532570465392978
STAG2_to_STAG1,Avana,ACH-001192,Bone,intact,-1.1429624465869006
PDS5B_to_PDS5A,Avana,ACH-001192,Bone,intact,-0.4071200435968885
STAG2_to_STAG1,Avana,ACH-001193,Bone,intact,-0.45966598161245653
PDS5B_to_PDS5A,Avana,ACH-001193,Bone,intact,-0.1393256950377238
STAG2_to_STAG1,Avana,ACH-001194,Kidney,intact,-0.21596950440029333
PDS5B_to_PDS5A,Avana,ACH-001194,Kidney,intact,0.05226315263104366
STAG2_to_STAG1,Avana,ACH-001196,Soft Tissue,intact,-0.012834093465319718
PDS5B_to_PDS5A,Avana,ACH-001196,Soft Tissue,intact,-0.5010158917251455
STAG2_to_STAG1,Avana,ACH-001197,Lymphoid,intact,0.08529607302746758
PDS5B_to_PDS5A,Avana,ACH-001197,Lymphoid,intact,-0.5960667051133974
STAG2_to_STAG1,Avana,ACH-001205,Bone,damaging,-0.5949897136789222
PDS5B_to_PDS5A,Avana,ACH-001205,Bone,intact,-0.3857871288684297
STAG2_to_STAG1,Avana,ACH-001211,Kidney,intact,-0.2641539378961104
PDS5B_to_PDS5A,Avana,ACH-001211,Kidney,intact,-0.6765314366306675
STAG2_to_STAG1,Avana,ACH-001212,Kidney,intact,-0.061434555485455705
PDS5B_to_PDS5A,Avana,ACH-001212,Kidney,intact,-1.4136175285802257
STAG2_to_STAG1,Avana,ACH-001228,Head and Neck,intact,-0.31447694892656497
PDS5B_to_PDS5A,Avana,ACH-001228,Head and Neck,intact,-0.6273289180565271
STAG2_to_STAG1,Avana,ACH-001229,Head and Neck,intact,0.06289238196372672
PDS5B_to_PDS5A,Avana,ACH-001229,Head and Neck,intact,-0.0007161629541308293
STAG2_to_STAG1,Avana,ACH-001232,CNS/Brain,intact,-0.29826649330494975
PDS5B_to_PDS5A,Avana,ACH-001232,CNS/Brain,intact,-0.21658910773823611
STAG2_to_STAG1,Avana,ACH-001239,Skin,intact,-0.36806806744485243
PDS5B_to_PDS5A,Avana,ACH-001239,Skin,intact,-1.1771774128332755
STAG2_to_STAG1,Avana,ACH-001270,Soft Tissue,damaging,0.029050321863411242
PDS5B_to_PDS5A,Avana,ACH-001270,Soft Tissue,intact,-0.13899400543055845
STAG2_to_STAG1,Avana,ACH-001274,Soft Tissue,intact,-0.6359853640851512
PDS5B_to_PDS5A,Avana,ACH-001274,Soft Tissue,intact,-1.0212488706126832
STAG2_to_STAG1,Avana,ACH-001275,Soft Tissue,intact,-0.24180234648095808
PDS5B_to_PDS5A,Avana,ACH-001275,Soft Tissue,intact,-0.1504701868355887
STAG2_to_STAG1,Avana,ACH-001277,Soft Tissue,intact,-0.28596620913096604
PDS5B_to_PDS5A,Avana,ACH-001277,Soft Tissue,intact,-0.42512039888897185
STAG2_to_STAG1,Avana,ACH-001278,Ovary/Fallopian Tube,intact,-0.703540093616679
PDS5B_to_PDS5A,Avana,ACH-001278,Ovary/Fallopian Tube,intact,-0.8917522793628976
STAG2_to_STAG1,Avana,ACH-001279,Ovary/Fallopian Tube,intact,-0.9806973474443601
PDS5B_to_PDS5A,Avana,ACH-001279,Ovary/Fallopian Tube,intact,-2.176684370948629
STAG2_to_STAG1,Avana,ACH-001280,Soft Tissue,intact,0.21708287652670147
PDS5B_to_PDS5A,Avana,ACH-001280,Soft Tissue,intact,-0.3315335369478611
STAG2_to_STAG1,Avana,ACH-001283,Bone,intact,-0.44820364822134273
PDS5B_to_PDS5A,Avana,ACH-001283,Bone,intact,-0.123922620708512
STAG2_to_STAG1,Avana,ACH-001289,CNS/Brain,intact,0.18370515038889004
PDS5B_to_PDS5A,Avana,ACH-001289,CNS/Brain,intact,-1.106652130240827
STAG2_to_STAG1,Avana,ACH-001295,Eye,intact,0.27922808949597266
PDS5B_to_PDS5A,Avana,ACH-001295,Eye,intact,-1.421953810812984
STAG2_to_STAG1,Avana,ACH-001300,Peripheral Nervous System,intact,-0.012522809644633717
PDS5B_to_PDS5A,Avana,ACH-001300,Peripheral Nervous System,intact,-0.9370188911760864
STAG2_to_STAG1,Avana,ACH-001301,Peripheral Nervous System,intact,0.19019815982679583
PDS5B_to_PDS5A,Avana,ACH-001301,Peripheral Nervous System,intact,-0.4501060120896976
STAG2_to_STAG1,Avana,ACH-001302,Peripheral Nervous System,intact,-0.3448036615599932
PDS5B_to_PDS5A,Avana,ACH-001302,Peripheral Nervous System,intact,0.18174336098855498
STAG2_to_STAG1,Avana,ACH-001303,Peripheral Nervous System,intact,-0.1449606033650546
PDS5B_to_PDS5A,Avana,ACH-001303,Peripheral Nervous System,intact,-0.33228205672022626
STAG2_to_STAG1,Avana,ACH-001306,Thyroid,intact,-0.25323342158343554
PDS5B_to_PDS5A,Avana,ACH-001306,Thyroid,intact,-0.18928501081321908
STAG2_to_STAG1,Avana,ACH-001307,Thyroid,intact,0.20606809742397975
PDS5B_to_PDS5A,Avana,ACH-001307,Thyroid,intact,-0.7755058720744157
STAG2_to_STAG1,Avana,ACH-001310,Kidney,intact,-0.020152978115722656
PDS5B_to_PDS5A,Avana,ACH-001310,Kidney,intact,-0.23808375705459056
STAG2_to_STAG1,Avana,ACH-001318,Liver,intact,-0.3684926674306217
PDS5B_to_PDS5A,Avana,ACH-001318,Liver,intact,0.025609778784190296
STAG2_to_STAG1,Avana,ACH-001322,Soft Tissue,intact,0.057864657642623246
PDS5B_to_PDS5A,Avana,ACH-001322,Soft Tissue,intact,-0.8036220942248824
STAG2_to_STAG1,Avana,ACH-001328,Skin,damaging,-0.11130813996272612
PDS5B_to_PDS5A,Avana,ACH-001328,Skin,intact,-0.18337906927145825
STAG2_to_STAG1,Avana,ACH-001329,CNS/Brain,intact,0.01207097686878766
PDS5B_to_PDS5A,Avana,ACH-001329,CNS/Brain,intact,-0.6014580123226074
STAG2_to_STAG1,Avana,ACH-001333,Cervix,intact,-0.07188757236297949
PDS5B_to_PDS5A,Avana,ACH-001333,Cervix,intact,-1.1338904029764394
STAG2_to_STAG1,Avana,ACH-001334,Cervix,intact,-0.04963538603118029
PDS5B_to_PDS5A,Avana,ACH-001334,Cervix,intact,-0.21059442714009477
STAG2_to_STAG1,Avana,ACH-001335,Cervix,intact,-0.17249382089261864
PDS5B_to_PDS5A,Avana,ACH-001335,Cervix,intact,-0.237155577085906
STAG2_to_STAG1,Avana,ACH-001336,Cervix,damaging,-1.270151982985051
PDS5B_to_PDS5A,Avana,ACH-001336,Cervix,damaging,-0.39747564299268023
STAG2_to_STAG1,Avana,ACH-001338,Peripheral Nervous System,intact,-0.09675551608380223
PDS5B_to_PDS5A,Avana,ACH-001338,Peripheral Nervous System,intact,-0.268457929971488
STAG2_to_STAG1,Avana,ACH-001340,Ovary/Fallopian Tube,intact,0.37475948895371575
PDS5B_to_PDS5A,Avana,ACH-001340,Ovary/Fallopian Tube,intact,-2.134229065875437
STAG2_to_STAG1,Avana,ACH-001341,Cervix,intact,-0.4790583112201214
PDS5B_to_PDS5A,Avana,ACH-001341,Cervix,intact,-0.5160434270146519
STAG2_to_STAG1,Avana,ACH-001344,Peripheral Nervous System,intact,-0.28670954109452307
PDS5B_to_PDS5A,Avana,ACH-001344,Peripheral Nervous System,intact,0.04249715596825164
STAG2_to_STAG1,Avana,ACH-001345,Bowel,intact,-0.032702867945228545
PDS5B_to_PDS5A,Avana,ACH-001345,Bowel,damaging,-0.9001107996271885
STAG2_to_STAG1,Avana,ACH-001346,Head and Neck,intact,-0.3910433876092386
PDS5B_to_PDS5A,Avana,ACH-001346,Head and Neck,intact,-0.7236603041370538
STAG2_to_STAG1,Avana,ACH-001347,Head and Neck,intact,0.3786038357567851
PDS5B_to_PDS5A,Avana,ACH-001347,Head and Neck,intact,-0.8558609241917265
STAG2_to_STAG1,Avana,ACH-001353,Pancreas,intact,0.042007292626313725
PDS5B_to_PDS5A,Avana,ACH-001353,Pancreas,intact,-1.2917048336152046
STAG2_to_STAG1,Avana,ACH-001354,Peripheral Nervous System,intact,0.09220952261670581
PDS5B_to_PDS5A,Avana,ACH-001354,Peripheral Nervous System,intact,-1.1350452082115643
STAG2_to_STAG1,Avana,ACH-001356,Thyroid,intact,-0.09849045621404336
PDS5B_to_PDS5A,Avana,ACH-001356,Thyroid,intact,-0.45389654696024273
STAG2_to_STAG1,Avana,ACH-001360,Cervix,damaging,0.21721944730865517
PDS5B_to_PDS5A,Avana,ACH-001360,Cervix,intact,-0.0706253816614306
STAG2_to_STAG1,Avana,ACH-001366,Peripheral Nervous System,intact,0.011075364279825417
PDS5B_to_PDS5A,Avana,ACH-001366,Peripheral Nervous System,intact,-0.25615493231345304
STAG2_to_STAG1,Avana,ACH-001367,Peripheral Nervous System,intact,-0.22767520739850233
PDS5B_to_PDS5A,Avana,ACH-001367,Peripheral Nervous System,intact,-0.4599402460447023
STAG2_to_STAG1,Avana,ACH-001368,Esophagus/Stomach,intact,-0.13656216678326943
PDS5B_to_PDS5A,Avana,ACH-001368,Esophagus/Stomach,intact,-1.2277930450787715
STAG2_to_STAG1,Avana,ACH-001370,Ovary/Fallopian Tube,intact,-0.33454153911298273
PDS5B_to_PDS5A,Avana,ACH-001370,Ovary/Fallopian Tube,intact,-0.7044086918874631
STAG2_to_STAG1,Avana,ACH-001374,Ovary/Fallopian Tube,intact,0.009500215892303099
PDS5B_to_PDS5A,Avana,ACH-001374,Ovary/Fallopian Tube,intact,-0.06958217671053644
STAG2_to_STAG1,Avana,ACH-001375,Pancreas,intact,-0.2574160071420639
PDS5B_to_PDS5A,Avana,ACH-001375,Pancreas,intact,-0.018367594568649434
STAG2_to_STAG1,Avana,ACH-001377,Pancreas,intact,-0.3762758828133101
PDS5B_to_PDS5A,Avana,ACH-001377,Pancreas,damaging,-1.0239047248348423
STAG2_to_STAG1,Avana,ACH-001379,Pancreas,intact,-0.09619169552061546
PDS5B_to_PDS5A,Avana,ACH-001379,Pancreas,intact,-0.6178929510896376
STAG2_to_STAG1,Avana,ACH-001380,Pancreas,intact,-0.1670974532152192
PDS5B_to_PDS5A,Avana,ACH-001380,Pancreas,intact,0.03474992228903998
STAG2_to_STAG1,Avana,ACH-001382,Pancreas,intact,-0.1485321919109959
PDS5B_to_PDS5A,Avana,ACH-001382,Pancreas,intact,-0.10123434983219766
STAG2_to_STAG1,Avana,ACH-001385,Head and Neck,intact,-0.42912201326199645
PDS5B_to_PDS5A,Avana,ACH-001385,Head and Neck,intact,-0.6255502954450446
STAG2_to_STAG1,Avana,ACH-001386,Lung,intact,-0.19351629894592018
PDS5B_to_PDS5A,Avana,ACH-001386,Lung,intact,-0.49173259483171256
STAG2_to_STAG1,Avana,ACH-001388,Breast,intact,-0.16029623921890135
PDS5B_to_PDS5A,Avana,ACH-001388,Breast,intact,-0.466113860477552
STAG2_to_STAG1,Avana,ACH-001389,Breast,intact,-0.3932804763202141
PDS5B_to_PDS5A,Avana,ACH-001389,Breast,intact,0.13370291467921544
STAG2_to_STAG1,Avana,ACH-001390,Breast,intact,-0.3432937028541706
PDS5B_to_PDS5A,Avana,ACH-001390,Breast,intact,-0.7864253958319949
STAG2_to_STAG1,Avana,ACH-001391,Breast,intact,0.2319437363723021
PDS5B_to_PDS5A,Avana,ACH-001391,Breast,intact,0.07419523429377675
STAG2_to_STAG1,Avana,ACH-001392,Breast,intact,-0.16324650506547878
PDS5B_to_PDS5A,Avana,ACH-001392,Breast,intact,-0.26176183134359077
STAG2_to_STAG1,Avana,ACH-001393,Breast,intact,-0.05196643197116296
PDS5B_to_PDS5A,Avana,ACH-001393,Breast,intact,0.4124795630592142
STAG2_to_STAG1,Avana,ACH-001394,Breast,damaging,0.21860674524898324
PDS5B_to_PDS5A,Avana,ACH-001394,Breast,intact,-0.3926215981543275
STAG2_to_STAG1,Avana,ACH-001396,Breast,intact,-0.0346027269089469
PDS5B_to_PDS5A,Avana,ACH-001396,Breast,intact,0.16713983696412607
STAG2_to_STAG1,Avana,ACH-001398,Kidney,intact,-0.26238389831045866
PDS5B_to_PDS5A,Avana,ACH-001398,Kidney,intact,-0.18760498216914545
STAG2_to_STAG1,Avana,ACH-001400,Vulva/Vagina,intact,-0.2611950827833524
PDS5B_to_PDS5A,Avana,ACH-001400,Vulva/Vagina,intact,-0.0764578605366059
STAG2_to_STAG1,Avana,ACH-001402,Cervix,intact,-0.23587502781164865
PDS5B_to_PDS5A,Avana,ACH-001402,Cervix,intact,-0.44374994984332083
STAG2_to_STAG1,Avana,ACH-001403,Ovary/Fallopian Tube,intact,-0.06580411039538614
PDS5B_to_PDS5A,Avana,ACH-001403,Ovary/Fallopian Tube,intact,-0.5007227048986453
STAG2_to_STAG1,Avana,ACH-001407,Bladder/Urinary Tract,intact,0.4142885778902751
PDS5B_to_PDS5A,Avana,ACH-001407,Bladder/Urinary Tract,intact,-1.1783198622534083
STAG2_to_STAG1,Avana,ACH-001408,Bladder/Urinary Tract,damaging,-1.1335625755073
PDS5B_to_PDS5A,Avana,ACH-001408,Bladder/Urinary Tract,intact,-0.34217633836676953
STAG2_to_STAG1,Avana,ACH-001409,Bladder/Urinary Tract,intact,-0.12964764324193734
PDS5B_to_PDS5A,Avana,ACH-001409,Bladder/Urinary Tract,intact,-0.9709272310472352
STAG2_to_STAG1,Avana,ACH-001411,Bladder/Urinary Tract,intact,-0.3437244093784484
PDS5B_to_PDS5A,Avana,ACH-001411,Bladder/Urinary Tract,intact,-0.5970213119474121
STAG2_to_STAG1,Avana,ACH-001412,Bladder/Urinary Tract,intact,-0.11980892913403546
PDS5B_to_PDS5A,Avana,ACH-001412,Bladder/Urinary Tract,intact,-0.46816632615736353
STAG2_to_STAG1,Avana,ACH-001413,Bladder/Urinary Tract,intact,-0.24242060381995897
PDS5B_to_PDS5A,Avana,ACH-001413,Bladder/Urinary Tract,intact,-0.8223820209127322
STAG2_to_STAG1,Avana,ACH-001414,Bladder/Urinary Tract,damaging,-2.070812104478339
PDS5B_to_PDS5A,Avana,ACH-001414,Bladder/Urinary Tract,intact,-0.49058928218485837
STAG2_to_STAG1,Avana,ACH-001415,Bladder/Urinary Tract,intact,0.14075349416893745
PDS5B_to_PDS5A,Avana,ACH-001415,Bladder/Urinary Tract,intact,-0.2857232457197836
STAG2_to_STAG1,Avana,ACH-001416,Bladder/Urinary Tract,intact,-0.8324150536305814
PDS5B_to_PDS5A,Avana,ACH-001416,Bladder/Urinary Tract,intact,-0.8548265490534006
STAG2_to_STAG1,Avana,ACH-001418,Ovary/Fallopian Tube,intact,0.03495125876682084
PDS5B_to_PDS5A,Avana,ACH-001418,Ovary/Fallopian Tube,intact,-0.7371779827001007
STAG2_to_STAG1,Avana,ACH-001419,Breast,intact,0.09626937944110694
PDS5B_to_PDS5A,Avana,ACH-001419,Breast,intact,0.05298635031088945
STAG2_to_STAG1,Avana,ACH-001421,Eye,intact,-0.09598854413335905
PDS5B_to_PDS5A,Avana,ACH-001421,Eye,intact,-0.42557611463608724
STAG2_to_STAG1,Avana,ACH-001422,Prostate,intact,-0.08352575305628163
PDS5B_to_PDS5A,Avana,ACH-001422,Prostate,intact,-0.300632690578564
STAG2_to_STAG1,Avana,ACH-001430,Bone,intact,-0.29567529461392006
PDS5B_to_PDS5A,Avana,ACH-001430,Bone,intact,-0.20158770024324418
STAG2_to_STAG1,Avana,ACH-001431,Bone,intact,-0.5312224158861398
PDS5B_to_PDS5A,Avana,ACH-001431,Bone,intact,-0.7493701072895576
STAG2_to_STAG1,Avana,ACH-001433,Soft Tissue,intact,-0.6505309220766359
PDS5B_to_PDS5A,Avana,ACH-001433,Soft Tissue,intact,-0.05797665333420143
STAG2_to_STAG1,Avana,ACH-001442,Skin,intact,0.17427604218324302
PDS5B_to_PDS5A,Avana,ACH-001442,Skin,intact,-0.011363900260792304
STAG2_to_STAG1,Avana,ACH-001443,Thyroid,intact,0.08400654437710929
PDS5B_to_PDS5A,Avana,ACH-001443,Thyroid,intact,-0.32635026094441333
STAG2_to_STAG1,Avana,ACH-001450,Lymphoid,intact,-0.5473812981715658
PDS5B_to_PDS5A,Avana,ACH-001450,Lymphoid,intact,0.26158997145880214
STAG2_to_STAG1,Avana,ACH-001451,Cervix,intact,-0.12904579223510787
PDS5B_to_PDS5A,Avana,ACH-001451,Cervix,intact,-0.22740260732175158
STAG2_to_STAG1,Avana,ACH-001453,Prostate,intact,-0.019179335093001584
PDS5B_to_PDS5A,Avana,ACH-001453,Prostate,intact,-0.16065224586667268
STAG2_to_STAG1,Avana,ACH-001454,Bowel,intact,-0.14014778638213346
PDS5B_to_PDS5A,Avana,ACH-001454,Bowel,intact,0.6334121497612415
STAG2_to_STAG1,Avana,ACH-001458,Bowel,intact,-0.5881004101269989
PDS5B_to_PDS5A,Avana,ACH-001458,Bowel,intact,-0.06281031415688347
STAG2_to_STAG1,Avana,ACH-001459,Bowel,intact,-0.07799611903322973
PDS5B_to_PDS5A,Avana,ACH-001459,Bowel,intact,-0.5093667639952363
STAG2_to_STAG1,Avana,ACH-001460,Bowel,intact,-0.059133710427037744
PDS5B_to_PDS5A,Avana,ACH-001460,Bowel,intact,0.02580083141852897
STAG2_to_STAG1,Avana,ACH-001461,Bowel,intact,-0.08370052355802887
PDS5B_to_PDS5A,Avana,ACH-001461,Bowel,intact,-0.12660292126017308
STAG2_to_STAG1,Avana,ACH-001481,Peripheral Nervous System,intact,-0.020090950057351644
PDS5B_to_PDS5A,Avana,ACH-001481,Peripheral Nervous System,intact,0.16484883002307799
STAG2_to_STAG1,Avana,ACH-001494,Biliary Tract,intact,-0.11604981284936412
PDS5B_to_PDS5A,Avana,ACH-001494,Biliary Tract,intact,-0.5948765272355105
STAG2_to_STAG1,Avana,ACH-001495,Uterus,intact,-0.32806194330056904
PDS5B_to_PDS5A,Avana,ACH-001495,Uterus,intact,0.22161171585323453
STAG2_to_STAG1,Avana,ACH-001496,Esophagus/Stomach,intact,-0.412860071642187
PDS5B_to_PDS5A,Avana,ACH-001496,Esophagus/Stomach,intact,0.409794954503245
STAG2_to_STAG1,Avana,ACH-001497,Esophagus/Stomach,intact,0.2434118415450684
PDS5B_to_PDS5A,Avana,ACH-001497,Esophagus/Stomach,intact,-0.14845984324045336
STAG2_to_STAG1,Avana,ACH-001498,Lymphoid,intact,-0.38765964031299643
PDS5B_to_PDS5A,Avana,ACH-001498,Lymphoid,intact,-0.8114378807279197
STAG2_to_STAG1,Avana,ACH-001500,Esophagus/Stomach,intact,0.027657984703518643
PDS5B_to_PDS5A,Avana,ACH-001500,Esophagus/Stomach,intact,-1.2535137939137093
STAG2_to_STAG1,Avana,ACH-001509,Head and Neck,intact,-0.3507872169114478
PDS5B_to_PDS5A,Avana,ACH-001509,Head and Neck,intact,0.13614531277724062
STAG2_to_STAG1,Avana,ACH-001510,Head and Neck,intact,-0.1881799935166072
PDS5B_to_PDS5A,Avana,ACH-001510,Head and Neck,intact,-0.5981821520978867
STAG2_to_STAG1,Avana,ACH-001511,Head and Neck,intact,-0.10193105219856019
PDS5B_to_PDS5A,Avana,ACH-001511,Head and Neck,intact,-0.9746018189856489
STAG2_to_STAG1,Avana,ACH-001513,Cervix,intact,-0.010813326415992627
PDS5B_to_PDS5A,Avana,ACH-001513,Cervix,intact,-0.5743013828615475
STAG2_to_STAG1,Avana,ACH-001515,Cervix,intact,-0.2606950615281082
PDS5B_to_PDS5A,Avana,ACH-001515,Cervix,intact,-0.5429462274179926
STAG2_to_STAG1,Avana,ACH-001517,Uterus,damaging,-0.6500732784131067
PDS5B_to_PDS5A,Avana,ACH-001517,Uterus,intact,-0.08777511725471587
STAG2_to_STAG1,Avana,ACH-001518,Uterus,intact,-0.20660304359381587
PDS5B_to_PDS5A,Avana,ACH-001518,Uterus,damaging,0.19460899804403287
STAG2_to_STAG1,Avana,ACH-001520,Lymphoid,intact,-1.0882688842337962
PDS5B_to_PDS5A,Avana,ACH-001520,Lymphoid,intact,-1.0684487693920528
STAG2_to_STAG1,Avana,ACH-001521,Skin,intact,-0.4643200496693512
PDS5B_to_PDS5A,Avana,ACH-001521,Skin,intact,-0.37867550876623934
STAG2_to_STAG1,Avana,ACH-001522,Skin,intact,0.26843765344633413
PDS5B_to_PDS5A,Avana,ACH-001522,Skin,intact,-1.3450272198164206
STAG2_to_STAG1,Avana,ACH-001523,Skin,intact,0.08102904023832408
PDS5B_to_PDS5A,Avana,ACH-001523,Skin,intact,-0.43098725617306277
STAG2_to_STAG1,Avana,ACH-001524,Skin,intact,-0.043689933058543046
PDS5B_to_PDS5A,Avana,ACH-001524,Skin,intact,-0.8185565296912483
STAG2_to_STAG1,Avana,ACH-001525,Cervix,intact,0.1306830898649841
PDS5B_to_PDS5A,Avana,ACH-001525,Cervix,intact,-0.40553375523590146
STAG2_to_STAG1,Avana,ACH-001526,Bone,damaging,-1.1968393977865492
PDS5B_to_PDS5A,Avana,ACH-001526,Bone,intact,-0.3709447001723726
STAG2_to_STAG1,Avana,ACH-001528,Thyroid,intact,-0.0424632592553524
PDS5B_to_PDS5A,Avana,ACH-001528,Thyroid,intact,-0.35572029670743477
STAG2_to_STAG1,Avana,ACH-001529,Uterus,intact,-1.568695098062883
PDS5B_to_PDS5A,Avana,ACH-001529,Uterus,intact,-0.630410545608258
STAG2_to_STAG1,Avana,ACH-001530,Uterus,intact,-0.5994833295082609
PDS5B_to_PDS5A,Avana,ACH-001530,Uterus,intact,0.7152635382425937
STAG2_to_STAG1,Avana,ACH-001532,Kidney,intact,-0.41348270113480506
PDS5B_to_PDS5A,Avana,ACH-001532,Kidney,intact,-1.3697806614765424
STAG2_to_STAG1,Avana,ACH-001533,Lymphoid,intact,-0.16830895319746159
PDS5B_to_PDS5A,Avana,ACH-001533,Lymphoid,intact,-0.59138213440683
STAG2_to_STAG1,Avana,ACH-001536,Biliary Tract,intact,-0.07011994305411848
PDS5B_to_PDS5A,Avana,ACH-001536,Biliary Tract,intact,-0.253655247729497
STAG2_to_STAG1,Avana,ACH-001538,Biliary Tract,intact,-0.050717604239588376
PDS5B_to_PDS5A,Avana,ACH-001538,Biliary Tract,intact,-0.969979592444229
STAG2_to_STAG1,Avana,ACH-001539,Lymphoid,intact,0.0452056761878005
PDS5B_to_PDS5A,Avana,ACH-001539,Lymphoid,intact,-0.20028411678798275
STAG2_to_STAG1,Avana,ACH-001542,Head and Neck,intact,-0.5231920928045402
PDS5B_to_PDS5A,Avana,ACH-001542,Head and Neck,intact,0.4906090050371628
STAG2_to_STAG1,Avana,ACH-001543,Head and Neck,intact,-0.1447906214664804
PDS5B_to_PDS5A,Avana,ACH-001543,Head and Neck,intact,-0.6040388740856867
STAG2_to_STAG1,Avana,ACH-001547,Pleura,intact,-0.6312630266283915
PDS5B_to_PDS5A,Avana,ACH-001547,Pleura,intact,-1.362557227689594
STAG2_to_STAG1,Avana,ACH-001548,Peripheral Nervous System,intact,-0.12420657013233867
PDS5B_to_PDS5A,Avana,ACH-001548,Peripheral Nervous System,intact,-0.19107191455917605
STAG2_to_STAG1,Avana,ACH-001549,Lung,intact,0.019793677738642032
PDS5B_to_PDS5A,Avana,ACH-001549,Lung,intact,-0.028476545543638557
STAG2_to_STAG1,Avana,ACH-001550,Skin,intact,-0.16316683187396025
PDS5B_to_PDS5A,Avana,ACH-001550,Skin,intact,-0.26819899087028853
STAG2_to_STAG1,Avana,ACH-001551,Skin,intact,0.07667116004798127
PDS5B_to_PDS5A,Avana,ACH-001551,Skin,intact,0.06525110229617279
STAG2_to_STAG1,Avana,ACH-001552,Skin,intact,0.04628786763479907
PDS5B_to_PDS5A,Avana,ACH-001552,Skin,intact,-0.1089010787975376
STAG2_to_STAG1,Avana,ACH-001554,Eye,intact,-0.25262538851560207
PDS5B_to_PDS5A,Avana,ACH-001554,Eye,intact,-0.8946101834824081
STAG2_to_STAG1,Avana,ACH-001555,Pleura,intact,-1.0618329805864715
PDS5B_to_PDS5A,Avana,ACH-001555,Pleura,intact,-2.0394791103997725
STAG2_to_STAG1,Avana,ACH-001556,Pleura,intact,-0.008811979215688229
PDS5B_to_PDS5A,Avana,ACH-001556,Pleura,intact,-0.6028320367219497
STAG2_to_STAG1,Avana,ACH-001557,Pleura,intact,-0.5286765961073359
PDS5B_to_PDS5A,Avana,ACH-001557,Pleura,intact,-0.471593277097778
STAG2_to_STAG1,Avana,ACH-001558,Pleura,intact,-0.16766838450373628
PDS5B_to_PDS5A,Avana,ACH-001558,Pleura,intact,-0.05172373247786453
STAG2_to_STAG1,Avana,ACH-001559,Pleura,intact,-0.16975527752209885
PDS5B_to_PDS5A,Avana,ACH-001559,Pleura,intact,-0.6697371285541831
STAG2_to_STAG1,Avana,ACH-001560,Pleura,intact,-0.7470043743274103
PDS5B_to_PDS5A,Avana,ACH-001560,Pleura,intact,-0.4843152273434467
STAG2_to_STAG1,Avana,ACH-001562,Pleura,intact,-0.03252578681808003
PDS5B_to_PDS5A,Avana,ACH-001562,Pleura,intact,-0.19665463123932317
STAG2_to_STAG1,Avana,ACH-001563,Skin,intact,-0.0014142685519492673
PDS5B_to_PDS5A,Avana,ACH-001563,Skin,intact,-0.4682300875538852
STAG2_to_STAG1,Avana,ACH-001566,Skin,intact,0.09369971591866469
PDS5B_to_PDS5A,Avana,ACH-001566,Skin,intact,-0.9729045666863597
STAG2_to_STAG1,Avana,ACH-001567,Skin,intact,-0.012851066865491895
PDS5B_to_PDS5A,Avana,ACH-001567,Skin,intact,-0.4011167572349548
STAG2_to_STAG1,Avana,ACH-001568,Skin,intact,0.1361737544061712
PDS5B_to_PDS5A,Avana,ACH-001568,Skin,intact,-0.4714672053253719
STAG2_to_STAG1,Avana,ACH-001570,Skin,intact,-0.2827749613693796
PDS5B_to_PDS5A,Avana,ACH-001570,Skin,intact,-1.5578776799819778
STAG2_to_STAG1,Avana,ACH-001574,Myeloid,intact,-0.9885735940702148
PDS5B_to_PDS5A,Avana,ACH-001574,Myeloid,intact,-1.8173768783587168
STAG2_to_STAG1,Avana,ACH-001577,Myeloid,intact,0.06522635021532075
PDS5B_to_PDS5A,Avana,ACH-001577,Myeloid,intact,-1.2089141383506394
STAG2_to_STAG1,Avana,ACH-001607,Biliary Tract,intact,-0.5709858881553456
PDS5B_to_PDS5A,Avana,ACH-001607,Biliary Tract,intact,-0.9977336952355569
STAG2_to_STAG1,Avana,ACH-001608,CNS/Brain,intact,-0.11579723809929214
PDS5B_to_PDS5A,Avana,ACH-001608,CNS/Brain,intact,-1.207512377141609
STAG2_to_STAG1,Avana,ACH-001609,CNS/Brain,intact,0.011012902714625593
PDS5B_to_PDS5A,Avana,ACH-001609,CNS/Brain,intact,-0.6630355202405229
STAG2_to_STAG1,Avana,ACH-001610,CNS/Brain,intact,-0.031248263343977407
PDS5B_to_PDS5A,Avana,ACH-001610,CNS/Brain,intact,-0.5130407232544599
STAG2_to_STAG1,Avana,ACH-001611,CNS/Brain,intact,-0.2684254016774332
PDS5B_to_PDS5A,Avana,ACH-001611,CNS/Brain,intact,-0.43033164675115104
STAG2_to_STAG1,Avana,ACH-001616,Lymphoid,intact,-0.2011869383390846
PDS5B_to_PDS5A,Avana,ACH-001616,Lymphoid,intact,-0.4067149330523632
STAG2_to_STAG1,Avana,ACH-001618,Myeloid,intact,-0.39540828354968394
PDS5B_to_PDS5A,Avana,ACH-001618,Myeloid,intact,-0.3020054165666002
STAG2_to_STAG1,Avana,ACH-001619,Biliary Tract,intact,-0.8076878161522103
PDS5B_to_PDS5A,Avana,ACH-001619,Biliary Tract,intact,-0.441475455877371
STAG2_to_STAG1,Avana,ACH-001622,CNS/Brain,intact,0.06764720043457836
PDS5B_to_PDS5A,Avana,ACH-001622,CNS/Brain,intact,-0.9096442597005614
STAG2_to_STAG1,Avana,ACH-001623,CNS/Brain,intact,-0.3067381934611362
PDS5B_to_PDS5A,Avana,ACH-001623,CNS/Brain,intact,-0.054572204390146435
STAG2_to_STAG1,Avana,ACH-001624,CNS/Brain,intact,-0.540870587652937
PDS5B_to_PDS5A,Avana,ACH-001624,CNS/Brain,intact,-0.6367532806782874
STAG2_to_STAG1,Avana,ACH-001627,Prostate,intact,-0.40961740519770723
PDS5B_to_PDS5A,Avana,ACH-001627,Prostate,intact,-0.5136207671070419
STAG2_to_STAG1,Avana,ACH-001628,Ovary/Fallopian Tube,intact,-0.024850456997609002
PDS5B_to_PDS5A,Avana,ACH-001628,Ovary/Fallopian Tube,intact,-1.0741423895283773
STAG2_to_STAG1,Avana,ACH-001630,Ovary/Fallopian Tube,intact,-0.14546608984915105
PDS5B_to_PDS5A,Avana,ACH-001630,Ovary/Fallopian Tube,intact,-0.9774453657715045
STAG2_to_STAG1,Avana,ACH-001634,Lymphoid,intact,-0.7759866306822167
PDS5B_to_PDS5A,Avana,ACH-001634,Lymphoid,intact,-0.3974207712880258
STAG2_to_STAG1,Avana,ACH-001641,Head and Neck,intact,-0.2720254675188717
PDS5B_to_PDS5A,Avana,ACH-001641,Head and Neck,intact,-0.0613102293905633
STAG2_to_STAG1,Avana,ACH-001645,Skin,intact,-0.6693968989796222
PDS5B_to_PDS5A,Avana,ACH-001645,Skin,intact,0.07755657348389988
STAG2_to_STAG1,Avana,ACH-001647,Myeloid,intact,0.21996058598476592
PDS5B_to_PDS5A,Avana,ACH-001647,Myeloid,intact,-0.569247043425575
STAG2_to_STAG1,Avana,ACH-001648,Prostate,intact,-0.26598058882126896
PDS5B_to_PDS5A,Avana,ACH-001648,Prostate,intact,0.036301795583815556
STAG2_to_STAG1,Avana,ACH-001649,Prostate,intact,-0.5340949276101159
PDS5B_to_PDS5A,Avana,ACH-001649,Prostate,intact,-0.04092186941978604
STAG2_to_STAG1,Avana,ACH-001650,Cervix,intact,-0.06538181314551367
PDS5B_to_PDS5A,Avana,ACH-001650,Cervix,intact,0.21200670009034991
STAG2_to_STAG1,Avana,ACH-001651,Cervix,intact,-0.02276216088205192
PDS5B_to_PDS5A,Avana,ACH-001651,Cervix,intact,-0.06346512535679548
STAG2_to_STAG1,Avana,ACH-001652,Cervix,intact,-0.12138150386278393
PDS5B_to_PDS5A,Avana,ACH-001652,Cervix,intact,-0.32789418616099386
STAG2_to_STAG1,Avana,ACH-001653,Esophagus/Stomach,intact,-0.8281816656212851
PDS5B_to_PDS5A,Avana,ACH-001653,Esophagus/Stomach,intact,-0.2563189607329103
STAG2_to_STAG1,Avana,ACH-001654,Esophagus/Stomach,intact,0.08228486664189567
PDS5B_to_PDS5A,Avana,ACH-001654,Esophagus/Stomach,intact,-0.36980342053625614
STAG2_to_STAG1,Avana,ACH-001655,Uterus,intact,0.026542808435042118
PDS5B_to_PDS5A,Avana,ACH-001655,Uterus,intact,-0.1830755280956175
STAG2_to_STAG1,Avana,ACH-001656,Myeloid,intact,-0.04174540238012171
PDS5B_to_PDS5A,Avana,ACH-001656,Myeloid,intact,-0.4143517677782645
STAG2_to_STAG1,Avana,ACH-001664,Esophagus/Stomach,intact,0.07647555692163308
PDS5B_to_PDS5A,Avana,ACH-001664,Esophagus/Stomach,damaging,-1.204322440707891
STAG2_to_STAG1,Avana,ACH-001668,Testis,intact,-1.2611326233152145
PDS5B_to_PDS5A,Avana,ACH-001668,Testis,intact,-0.9916541215200559
STAG2_to_STAG1,Avana,ACH-001669,Lymphoid,intact,0.11455890403816998
PDS5B_to_PDS5A,Avana,ACH-001669,Lymphoid,intact,-0.5791267761479406
STAG2_to_STAG1,Avana,ACH-001670,CNS/Brain,damaging,-1.966649733103933
PDS5B_to_PDS5A,Avana,ACH-001670,CNS/Brain,intact,-0.5399522984904418
STAG2_to_STAG1,Avana,ACH-001673,Biliary Tract,intact,0.016814500472758342
PDS5B_to_PDS5A,Avana,ACH-001673,Biliary Tract,intact,0.24119388632483352
STAG2_to_STAG1,Avana,ACH-001674,Peripheral Nervous System,intact,0.07950059200483522
PDS5B_to_PDS5A,Avana,ACH-001674,Peripheral Nervous System,intact,-1.091506747709464
STAG2_to_STAG1,Avana,ACH-001675,Head and Neck,intact,-0.1435010858270721
PDS5B_to_PDS5A,Avana,ACH-001675,Head and Neck,intact,-0.08027050650813028
STAG2_to_STAG1,Avana,ACH-001677,Lymphoid,intact,-0.05501522287294156
PDS5B_to_PDS5A,Avana,ACH-001677,Lymphoid,intact,-0.5309015391689984
STAG2_to_STAG1,Avana,ACH-001685,Lymphoid,intact,0.026914565487901346
PDS5B_to_PDS5A,Avana,ACH-001685,Lymphoid,intact,-0.20029950858108933
STAG2_to_STAG1,Avana,ACH-001687,Kidney,intact,-0.040074629013824525
PDS5B_to_PDS5A,Avana,ACH-001687,Kidney,intact,-0.895114554221466
STAG2_to_STAG1,Avana,ACH-001688,Kidney,intact,0.12544047135017203
PDS5B_to_PDS5A,Avana,ACH-001688,Kidney,intact,-0.3697775972313667
STAG2_to_STAG1,Avana,ACH-001690,Head and Neck,intact,0.38551211558718235
PDS5B_to_PDS5A,Avana,ACH-001690,Head and Neck,intact,-0.5877002148316102
STAG2_to_STAG1,Avana,ACH-001691,Head and Neck,intact,0.012532522365646948
PDS5B_to_PDS5A,Avana,ACH-001691,Head and Neck,intact,-0.5747854354557291
STAG2_to_STAG1,Avana,ACH-001692,Head and Neck,intact,-0.11989037288373752
PDS5B_to_PDS5A,Avana,ACH-001692,Head and Neck,intact,0.15832438143342342
STAG2_to_STAG1,Avana,ACH-001694,Head and Neck,intact,-0.09598083776804187
PDS5B_to_PDS5A,Avana,ACH-001694,Head and Neck,intact,-0.9276893103770437
STAG2_to_STAG1,Avana,ACH-001696,Head and Neck,intact,-0.15461378037253043
PDS5B_to_PDS5A,Avana,ACH-001696,Head and Neck,intact,-0.3420876841182827
STAG2_to_STAG1,Avana,ACH-001698,Head and Neck,intact,-0.26529008740444615
PDS5B_to_PDS5A,Avana,ACH-001698,Head and Neck,intact,-0.2507118599955035
STAG2_to_STAG1,Avana,ACH-001699,Head and Neck,intact,-0.3250058065789342
PDS5B_to_PDS5A,Avana,ACH-001699,Head and Neck,intact,0.4101513507970854
STAG2_to_STAG1,Avana,ACH-001701,Head and Neck,intact,-0.5110645180714747
PDS5B_to_PDS5A,Avana,ACH-001701,Head and Neck,intact,0.6012143689498188
STAG2_to_STAG1,Avana,ACH-001702,Soft Tissue,intact,-0.07318679811357229
PDS5B_to_PDS5A,Avana,ACH-001702,Soft Tissue,intact,0.08110173843617863
STAG2_to_STAG1,Avana,ACH-001707,Lymphoid,intact,0.5029199743698172
PDS5B_to_PDS5A,Avana,ACH-001707,Lymphoid,intact,-1.271737684915835
STAG2_to_STAG1,Avana,ACH-001709,Lymphoid,intact,-0.9528903265812713
PDS5B_to_PDS5A,Avana,ACH-001709,Lymphoid,intact,-0.5766942757862408
STAG2_to_STAG1,Avana,ACH-001711,CNS/Brain,intact,-0.1286093204276661
PDS5B_to_PDS5A,Avana,ACH-001711,CNS/Brain,intact,-1.5395370819104999
STAG2_to_STAG1,Avana,ACH-001715,Bone,intact,-0.09187137117564162
PDS5B_to_PDS5A,Avana,ACH-001715,Bone,intact,-0.3952983240753437
STAG2_to_STAG1,Avana,ACH-001719,Ovary/Fallopian Tube,intact,-0.10908500475831664
PDS5B_to_PDS5A,Avana,ACH-001719,Ovary/Fallopian Tube,intact,-0.26728818995521764
STAG2_to_STAG1,Avana,ACH-001735,Lymphoid,intact,0.14808247719405226
PDS5B_to_PDS5A,Avana,ACH-001735,Lymphoid,intact,-0.11237319657799595
STAG2_to_STAG1,Avana,ACH-001736,Lymphoid,intact,-0.009076933297418224
PDS5B_to_PDS5A,Avana,ACH-001736,Lymphoid,intact,-1.2012916806284442
STAG2_to_STAG1,Avana,ACH-001737,Lymphoid,intact,-0.1264692463216655
PDS5B_to_PDS5A,Avana,ACH-001737,Lymphoid,intact,-1.2013880012074512
STAG2_to_STAG1,Avana,ACH-001740,Soft Tissue,intact,-0.19389304858178708
PDS5B_to_PDS5A,Avana,ACH-001740,Soft Tissue,intact,-0.045213477492547456
STAG2_to_STAG1,Avana,ACH-001745,Soft Tissue,intact,-0.27619110214317294
PDS5B_to_PDS5A,Avana,ACH-001745,Soft Tissue,intact,-0.25342990448604485
STAG2_to_STAG1,Avana,ACH-001750,Soft Tissue,intact,0.03924871133540718
PDS5B_to_PDS5A,Avana,ACH-001750,Soft Tissue,intact,-0.7907764890507346
STAG2_to_STAG1,Avana,ACH-001765,Soft Tissue,intact,-2.726081062367549
PDS5B_to_PDS5A,Avana,ACH-001765,Soft Tissue,intact,0.023848594835562523
STAG2_to_STAG1,Avana,ACH-001786,Bowel,intact,-0.2437229119980721
PDS5B_to_PDS5A,Avana,ACH-001786,Bowel,intact,-0.029561461171424788
STAG2_to_STAG1,Avana,ACH-001791,Soft Tissue,intact,-0.5457536297622827
PDS5B_to_PDS5A,Avana,ACH-001791,Soft Tissue,intact,-1.7282105214186378
STAG2_to_STAG1,Avana,ACH-001793,Soft Tissue,intact,-0.04378354145367648
PDS5B_to_PDS5A,Avana,ACH-001793,Soft Tissue,intact,-0.8506263314836638
STAG2_to_STAG1,Avana,ACH-001794,Soft Tissue,intact,-0.007263648321022619
PDS5B_to_PDS5A,Avana,ACH-001794,Soft Tissue,intact,-0.35671765555539997
STAG2_to_STAG1,Avana,ACH-001795,Soft Tissue,intact,-0.21599461955225818
PDS5B_to_PDS5A,Avana,ACH-001795,Soft Tissue,intact,-0.904700416925726
STAG2_to_STAG1,Avana,ACH-001796,Soft Tissue,intact,-0.5030246938219527
PDS5B_to_PDS5A,Avana,ACH-001796,Soft Tissue,intact,-1.3290068875570062
STAG2_to_STAG1,Avana,ACH-001799,Soft Tissue,intact,-0.0975575361049898
PDS5B_to_PDS5A,Avana,ACH-001799,Soft Tissue,intact,-0.4050730341818961
STAG2_to_STAG1,Avana,ACH-001802,Soft Tissue,intact,0.3861261023968351
PDS5B_to_PDS5A,Avana,ACH-001802,Soft Tissue,intact,-1.633682170554166
STAG2_to_STAG1,Avana,ACH-001804,Soft Tissue,intact,-0.36991911362149815
PDS5B_to_PDS5A,Avana,ACH-001804,Soft Tissue,intact,-0.8846956219573823
STAG2_to_STAG1,Avana,ACH-001814,Bone,intact,-0.09850888647851971
PDS5B_to_PDS5A,Avana,ACH-001814,Bone,intact,-0.3844983574388916
STAG2_to_STAG1,Avana,ACH-001819,Breast,intact,-0.20115125008091977
PDS5B_to_PDS5A,Avana,ACH-001819,Breast,intact,0.48208812600250045
STAG2_to_STAG1,Avana,ACH-001820,Breast,intact,-0.08267919233899026
PDS5B_to_PDS5A,Avana,ACH-001820,Breast,intact,-0.02651846386448846
STAG2_to_STAG1,Avana,ACH-001834,Biliary Tract,intact,-0.09598553498970207
PDS5B_to_PDS5A,Avana,ACH-001834,Biliary Tract,intact,-3.040067607105686
STAG2_to_STAG1,Avana,ACH-001835,Biliary Tract,intact,-0.11076551425952852
PDS5B_to_PDS5A,Avana,ACH-001835,Biliary Tract,intact,-0.6340048138038057
STAG2_to_STAG1,Avana,ACH-001836,Biliary Tract,intact,-0.09050383528982273
PDS5B_to_PDS5A,Avana,ACH-001836,Biliary Tract,intact,-0.10349427948605876
STAG2_to_STAG1,Avana,ACH-001838,Biliary Tract,intact,-0.23760989874591895
PDS5B_to_PDS5A,Avana,ACH-001838,Biliary Tract,intact,0.34062872555406687
STAG2_to_STAG1,Avana,ACH-001839,Biliary Tract,intact,0.12343419464371683
PDS5B_to_PDS5A,Avana,ACH-001839,Biliary Tract,intact,-0.027094687189550076
STAG2_to_STAG1,Avana,ACH-001841,Biliary Tract,intact,-0.23210977483683204
PDS5B_to_PDS5A,Avana,ACH-001841,Biliary Tract,intact,-0.5818796451437431
STAG2_to_STAG1,Avana,ACH-001842,Biliary Tract,intact,-0.1734256456739125
PDS5B_to_PDS5A,Avana,ACH-001842,Biliary Tract,intact,-0.21356416240340118
STAG2_to_STAG1,Avana,ACH-001843,Biliary Tract,intact,-3.379934817421998
PDS5B_to_PDS5A,Avana,ACH-001843,Biliary Tract,intact,-2.4392664723243085
STAG2_to_STAG1,Avana,ACH-001844,Biliary Tract,intact,-0.31255943218226534
PDS5B_to_PDS5A,Avana,ACH-001844,Biliary Tract,intact,0.2908834745921877
STAG2_to_STAG1,Avana,ACH-001848,Biliary Tract,intact,-0.29468828129000013
PDS5B_to_PDS5A,Avana,ACH-001848,Biliary Tract,intact,-0.7144370688051422
STAG2_to_STAG1,Avana,ACH-001849,Biliary Tract,intact,-0.2727864440506177
PDS5B_to_PDS5A,Avana,ACH-001849,Biliary Tract,intact,-0.37531315256194675
STAG2_to_STAG1,Avana,ACH-001850,Biliary Tract,intact,-0.4326531941715105
PDS5B_to_PDS5A,Avana,ACH-001850,Biliary Tract,intact,-0.47030042607913775
STAG2_to_STAG1,Avana,ACH-001852,Biliary Tract,intact,0.238706235961108
PDS5B_to_PDS5A,Avana,ACH-001852,Biliary Tract,intact,-0.005891357307385076
STAG2_to_STAG1,Avana,ACH-001853,Liver,damaging,0.29283777445301507
PDS5B_to_PDS5A,Avana,ACH-001853,Liver,intact,0.3099744554450652
STAG2_to_STAG1,Avana,ACH-001856,Biliary Tract,intact,-0.03266114787220689
PDS5B_to_PDS5A,Avana,ACH-001856,Biliary Tract,intact,-0.42651475814656703
STAG2_to_STAG1,Avana,ACH-001857,Biliary Tract,intact,-0.7682495475488267
PDS5B_to_PDS5A,Avana,ACH-001857,Biliary Tract,intact,0.5406371406801825
STAG2_to_STAG1,Avana,ACH-001858,Biliary Tract,intact,-0.018027377023508418
PDS5B_to_PDS5A,Avana,ACH-001858,Biliary Tract,intact,-0.4509278627956189
STAG2_to_STAG1,Avana,ACH-001861,Biliary Tract,intact,-0.3637141202170877
PDS5B_to_PDS5A,Avana,ACH-001861,Biliary Tract,intact,-0.6313369295425604
STAG2_to_STAG1,Avana,ACH-001862,Ampulla of Vater,intact,-0.5385587220806283
PDS5B_to_PDS5A,Avana,ACH-001862,Ampulla of Vater,intact,0.2818249815563955
STAG2_to_STAG1,Avana,ACH-001863,Biliary Tract,intact,-0.07725783691872841
PDS5B_to_PDS5A,Avana,ACH-001863,Biliary Tract,intact,0.19815019396885447
STAG2_to_STAG1,Avana,ACH-001864,Biliary Tract,intact,-0.49789703027374704
PDS5B_to_PDS5A,Avana,ACH-001864,Biliary Tract,intact,-0.7179797534326431
STAG2_to_STAG1,Avana,ACH-001959,Biliary Tract,intact,-0.5851678670842095
PDS5B_to_PDS5A,Avana,ACH-001959,Biliary Tract,intact,-1.7465681247102613
STAG2_to_STAG1,Avana,ACH-001960,Biliary Tract,intact,-0.468804599562168
PDS5B_to_PDS5A,Avana,ACH-001960,Biliary Tract,intact,-0.6179274513793804
STAG2_to_STAG1,Avana,ACH-001961,Biliary Tract,intact,-0.3833231105192749
PDS5B_to_PDS5A,Avana,ACH-001961,Biliary Tract,intact,-0.09424855203918586
STAG2_to_STAG1,Avana,ACH-001970,Skin,intact,-0.3379024709116525
PDS5B_to_PDS5A,Avana,ACH-001970,Skin,intact,-1.5203429157005832
STAG2_to_STAG1,Avana,ACH-001973,Skin,intact,-0.3097464475760279
PDS5B_to_PDS5A,Avana,ACH-001973,Skin,intact,-0.20507568553814395
STAG2_to_STAG1,Avana,ACH-001977,Pleura,intact,-0.21803621427301056
PDS5B_to_PDS5A,Avana,ACH-001977,Pleura,intact,-0.4415591042726259
STAG2_to_STAG1,Avana,ACH-001982,Skin,intact,-0.13393186306681926
PDS5B_to_PDS5A,Avana,ACH-001982,Skin,intact,-0.6297009504529869
STAG2_to_STAG1,Avana,ACH-001986,Skin,intact,-0.014978462960232423
PDS5B_to_PDS5A,Avana,ACH-001986,Skin,intact,-0.8467359976999621
STAG2_to_STAG1,Avana,ACH-001990,Skin,intact,-0.3689144957855772
PDS5B_to_PDS5A,Avana,ACH-001990,Skin,intact,-0.8625097570998643
STAG2_to_STAG1,Avana,ACH-001991,Ovary/Fallopian Tube,intact,-0.5311416762739096
PDS5B_to_PDS5A,Avana,ACH-001991,Ovary/Fallopian Tube,damaging,-0.6308214614004459
STAG2_to_STAG1,Avana,ACH-001992,Pleura,intact,-0.08011426964215301
PDS5B_to_PDS5A,Avana,ACH-001992,Pleura,intact,-0.9316358886989042
STAG2_to_STAG1,Avana,ACH-001993,Lymphoid,intact,-0.11077754760245853
PDS5B_to_PDS5A,Avana,ACH-001993,Lymphoid,intact,-0.4188085793915115
STAG2_to_STAG1,Avana,ACH-001997,Biliary Tract,intact,-0.316573285220545
PDS5B_to_PDS5A,Avana,ACH-001997,Biliary Tract,intact,-0.6556610255645926
STAG2_to_STAG1,Avana,ACH-001999,Pancreas,damaging,-0.815626642617107
PDS5B_to_PDS5A,Avana,ACH-001999,Pancreas,intact,0.3188094324564448
STAG2_to_STAG1,Avana,ACH-002001,Skin,intact,-0.7142371054671779
PDS5B_to_PDS5A,Avana,ACH-002001,Skin,intact,-0.12257594026996582
STAG2_to_STAG1,Avana,ACH-002002,Skin,intact,-0.5370525749336856
PDS5B_to_PDS5A,Avana,ACH-002002,Skin,intact,-0.18568633532164294
STAG2_to_STAG1,Avana,ACH-002003,Skin,intact,-1.1283817416377908
PDS5B_to_PDS5A,Avana,ACH-002003,Skin,intact,-0.511367803865971
STAG2_to_STAG1,Avana,ACH-002005,Skin,intact,-0.7711050309077945
PDS5B_to_PDS5A,Avana,ACH-002005,Skin,intact,-0.4137069240656274
STAG2_to_STAG1,Avana,ACH-002014,Eye,intact,-0.8201859528963604
PDS5B_to_PDS5A,Avana,ACH-002014,Eye,intact,-1.520033782057169
STAG2_to_STAG1,Avana,ACH-002015,Eye,intact,0.05441886552267311
PDS5B_to_PDS5A,Avana,ACH-002015,Eye,intact,-1.0421019307030903
STAG2_to_STAG1,Avana,ACH-002016,Eye,intact,0.4486967268921611
PDS5B_to_PDS5A,Avana,ACH-002016,Eye,intact,-1.6697109187735037
STAG2_to_STAG1,Avana,ACH-002018,Eye,intact,-0.6494042568442233
PDS5B_to_PDS5A,Avana,ACH-002018,Eye,intact,-0.7913928647460351
STAG2_to_STAG1,Avana,ACH-002019,Cervix,intact,-0.15918596551010195
PDS5B_to_PDS5A,Avana,ACH-002019,Cervix,intact,0.4060171959079146
STAG2_to_STAG1,Avana,ACH-002020,Cervix,intact,-0.1431053931041787
PDS5B_to_PDS5A,Avana,ACH-002020,Cervix,intact,-0.2834012006441218
STAG2_to_STAG1,Avana,ACH-002021,Uterus,intact,-0.5593845842543991
PDS5B_to_PDS5A,Avana,ACH-002021,Uterus,intact,-0.3277301420181767
STAG2_to_STAG1,Avana,ACH-002023,Ampulla of Vater,intact,0.30558904109741203
PDS5B_to_PDS5A,Avana,ACH-002023,Ampulla of Vater,intact,-0.3574894733826053
STAG2_to_STAG1,Avana,ACH-002024,Bowel,intact,-0.07657780078255932
PDS5B_to_PDS5A,Avana,ACH-002024,Bowel,intact,0.05257014794674477
STAG2_to_STAG1,Avana,ACH-002025,Bowel,intact,-0.27526500509313573
PDS5B_to_PDS5A,Avana,ACH-002025,Bowel,intact,-0.038986225576452184
STAG2_to_STAG1,Avana,ACH-002026,Uterus,intact,0.09171363134830118
PDS5B_to_PDS5A,Avana,ACH-002026,Uterus,intact,-0.8698857980673722
STAG2_to_STAG1,Avana,ACH-002027,Uterus,intact,-0.25171490347994085
PDS5B_to_PDS5A,Avana,ACH-002027,Uterus,intact,-1.10781156843955
STAG2_to_STAG1,Avana,ACH-002029,Head and Neck,intact,-0.09997499971969451
PDS5B_to_PDS5A,Avana,ACH-002029,Head and Neck,intact,-0.1629211207475164
STAG2_to_STAG1,Avana,ACH-002030,Head and Neck,intact,0.03595261028978494
PDS5B_to_PDS5A,Avana,ACH-002030,Head and Neck,intact,0.01632463593569023
STAG2_to_STAG1,Avana,ACH-002035,Lung,intact,-0.1574830994052009
PDS5B_to_PDS5A,Avana,ACH-002035,Lung,intact,-0.4285547880069274
STAG2_to_STAG1,Avana,ACH-002039,Pancreas,intact,-0.34516374508594216
PDS5B_to_PDS5A,Avana,ACH-002039,Pancreas,intact,-0.4244881682206648
STAG2_to_STAG1,Avana,ACH-002040,Vulva/Vagina,intact,-0.29731385189244763
PDS5B_to_PDS5A,Avana,ACH-002040,Vulva/Vagina,intact,-0.38026237653096484
STAG2_to_STAG1,Avana,ACH-002041,Thyroid,intact,-0.3001425259239499
PDS5B_to_PDS5A,Avana,ACH-002041,Thyroid,intact,-0.3643200627086758
STAG2_to_STAG1,Avana,ACH-002042,Head and Neck,intact,-0.06868824484299994
PDS5B_to_PDS5A,Avana,ACH-002042,Head and Neck,intact,-0.21579693051532764
STAG2_to_STAG1,Avana,ACH-002043,Head and Neck,intact,-0.12292437871630929
PDS5B_to_PDS5A,Avana,ACH-002043,Head and Neck,intact,-0.23239463654229786
STAG2_to_STAG1,Avana,ACH-002044,Head and Neck,intact,-0.6551438768308211
PDS5B_to_PDS5A,Avana,ACH-002044,Head and Neck,intact,-1.268149432178388
STAG2_to_STAG1,Avana,ACH-002045,Head and Neck,intact,-0.31425241251812686
PDS5B_to_PDS5A,Avana,ACH-002045,Head and Neck,intact,0.2568999368461809
STAG2_to_STAG1,Avana,ACH-002046,Uterus,intact,0.15357942892732762
PDS5B_to_PDS5A,Avana,ACH-002046,Uterus,intact,-0.3553410466665664
STAG2_to_STAG1,Avana,ACH-002048,Soft Tissue,intact,-0.15974772155977082
PDS5B_to_PDS5A,Avana,ACH-002048,Soft Tissue,intact,-0.35371831483952976
STAG2_to_STAG1,Avana,ACH-002051,Lung,intact,-0.03352026100723213
PDS5B_to_PDS5A,Avana,ACH-002051,Lung,intact,0.2591337791755999
STAG2_to_STAG1,Avana,ACH-002059,Lymphoid,intact,-0.09931776999660372
PDS5B_to_PDS5A,Avana,ACH-002059,Lymphoid,intact,-0.5886941750519243
STAG2_to_STAG1,Avana,ACH-002061,Myeloid,intact,-0.20077139621077894
PDS5B_to_PDS5A,Avana,ACH-002061,Myeloid,intact,-0.30891982500576687
STAG2_to_STAG1,Avana,ACH-002062,Lymphoid,intact,-0.726642176922568
PDS5B_to_PDS5A,Avana,ACH-002062,Lymphoid,intact,-0.13338067825675642
STAG2_to_STAG1,Avana,ACH-002066,Peripheral Nervous System,intact,-0.10655789925618543
PDS5B_to_PDS5A,Avana,ACH-002066,Peripheral Nervous System,intact,-0.7192508964128087
STAG2_to_STAG1,Avana,ACH-002067,Bone,intact,-0.2205166711595159
PDS5B_to_PDS5A,Avana,ACH-002067,Bone,intact,-0.3387323825061519
STAG2_to_STAG1,Avana,ACH-002069,Bone,intact,-0.025050558124525946
PDS5B_to_PDS5A,Avana,ACH-002069,Bone,intact,-0.4482337295328928
STAG2_to_STAG1,Avana,ACH-002070,CNS/Brain,intact,-0.2765020022505666
PDS5B_to_PDS5A,Avana,ACH-002070,CNS/Brain,intact,-0.04352704341572394
STAG2_to_STAG1,Avana,ACH-002077,Lung,intact,-0.04922893972776079
PDS5B_to_PDS5A,Avana,ACH-002077,Lung,intact,0.21814105133154543
STAG2_to_STAG1,Avana,ACH-002080,Peripheral Nervous System,intact,0.017841373922371166
PDS5B_to_PDS5A,Avana,ACH-002080,Peripheral Nervous System,intact,-0.36143444906448924
STAG2_to_STAG1,Avana,ACH-002084,Skin,intact,0.7519345408372891
PDS5B_to_PDS5A,Avana,ACH-002084,Skin,intact,-1.2179820158295098
STAG2_to_STAG1,Avana,ACH-002214,Lymphoid,intact,-1.008650517873571
PDS5B_to_PDS5A,Avana,ACH-002214,Lymphoid,intact,0.12224365841247573
STAG2_to_STAG1,Avana,ACH-002215,Lymphoid,intact,-0.5099346943358443
PDS5B_to_PDS5A,Avana,ACH-002215,Lymphoid,intact,-0.307983193618515
STAG2_to_STAG1,Avana,ACH-002291,Testis,intact,-0.22133068778872242
PDS5B_to_PDS5A,Avana,ACH-002291,Testis,intact,-0.627124465331033
STAG2_to_STAG1,Avana,ACH-002399,Breast,intact,0.10461476246124421
PDS5B_to_PDS5A,Avana,ACH-002399,Breast,intact,0.30416353192181134
STAG2_to_STAG1,Avana,ACH-002446,Esophagus/Stomach,intact,-0.181428393592533
PDS5B_to_PDS5A,Avana,ACH-002446,Esophagus/Stomach,intact,0.30695458116172064
STAG2_to_STAG1,Avana,ACH-002458,Skin,intact,-0.16101353318170022
PDS5B_to_PDS5A,Avana,ACH-002458,Skin,intact,-1.1320365087785156
STAG2_to_STAG1,Avana,ACH-002459,Skin,intact,-0.5725691602928471
PDS5B_to_PDS5A,Avana,ACH-002459,Skin,intact,-0.7886814554289789
STAG2_to_STAG1,Avana,ACH-002460,Skin,intact,0.0826282763654085
PDS5B_to_PDS5A,Avana,ACH-002460,Skin,intact,-0.5887243087690743
STAG2_to_STAG1,Avana,ACH-002461,Skin,intact,-0.36077451662864
PDS5B_to_PDS5A,Avana,ACH-002461,Skin,intact,-1.3328446408994248
STAG2_to_STAG1,Avana,ACH-002462,Eye,intact,-0.2468450265910462
PDS5B_to_PDS5A,Avana,ACH-002462,Eye,intact,-1.2800507102705216
STAG2_to_STAG1,Avana,ACH-002463,Eye,intact,-0.48490655953550593
PDS5B_to_PDS5A,Avana,ACH-002463,Eye,intact,-0.43839252230108317
STAG2_to_STAG1,Avana,ACH-002464,Eye,intact,0.219704534662832
PDS5B_to_PDS5A,Avana,ACH-002464,Eye,intact,-0.5927785437372584
STAG2_to_STAG1,Avana,ACH-002465,Eye,intact,0.12258103058027818
PDS5B_to_PDS5A,Avana,ACH-002465,Eye,intact,-0.3857848939803911
STAG2_to_STAG1,Avana,ACH-002467,Eye,intact,-0.06794092212622187
PDS5B_to_PDS5A,Avana,ACH-002467,Eye,intact,-1.5803688502266438
STAG2_to_STAG1,Avana,ACH-002471,Bone,intact,0.007154649447625331
PDS5B_to_PDS5A,Avana,ACH-002471,Bone,intact,-0.1639794660652018
STAG2_to_STAG1,Avana,ACH-002478,Lymphoid,intact,-0.5853065915567658
PDS5B_to_PDS5A,Avana,ACH-002478,Lymphoid,intact,-0.6202857281743421
STAG2_to_STAG1,Avana,ACH-002485,Lymphoid,intact,-0.4904105857666149
PDS5B_to_PDS5A,Avana,ACH-002485,Lymphoid,intact,-0.015572691267706813
STAG2_to_STAG1,Avana,ACH-002486,Ovary/Fallopian Tube,intact,-0.2415049920990495
PDS5B_to_PDS5A,Avana,ACH-002486,Ovary/Fallopian Tube,intact,-0.4628238833692332
STAG2_to_STAG1,Avana,ACH-002508,Skin,intact,-0.5041711044506516
PDS5B_to_PDS5A,Avana,ACH-002508,Skin,intact,-0.31757722025056806
STAG2_to_STAG1,Avana,ACH-002510,Skin,intact,-0.09056311524149008
PDS5B_to_PDS5A,Avana,ACH-002510,Skin,intact,-1.7254923545945078
STAG2_to_STAG1,Avana,ACH-002511,Skin,intact,-0.11410547374053873
PDS5B_to_PDS5A,Avana,ACH-002511,Skin,intact,-0.3966569693782058
STAG2_to_STAG1,Avana,ACH-002512,Skin,intact,-0.23215492948404515
PDS5B_to_PDS5A,Avana,ACH-002512,Skin,intact,-1.2196136485960036
STAG2_to_STAG1,Avana,ACH-002522,Lung,intact,-0.08874728939962258
PDS5B_to_PDS5A,Avana,ACH-002522,Lung,intact,-0.4699130883694794
STAG2_to_STAG1,Avana,ACH-002523,Liver,intact,0.020689022344706084
PDS5B_to_PDS5A,Avana,ACH-002523,Liver,intact,0.040119451646312976
STAG2_to_STAG1,Avana,ACH-002524,Ovary/Fallopian Tube,intact,-0.3465584030985034
PDS5B_to_PDS5A,Avana,ACH-002524,Ovary/Fallopian Tube,intact,-0.11842665963174201
STAG2_to_STAG1,Avana,ACH-002526,Lung,intact,-0.6807442575023409
PDS5B_to_PDS5A,Avana,ACH-002526,Lung,intact,-1.4114150399342944
STAG2_to_STAG1,Avana,ACH-002531,Lung,intact,-0.15166622296688986
PDS5B_to_PDS5A,Avana,ACH-002531,Lung,intact,-1.1522135820237163
STAG2_to_STAG1,Avana,ACH-002533,Kidney,intact,-0.01969078361871269
PDS5B_to_PDS5A,Avana,ACH-002533,Kidney,intact,-0.5025250195519613
STAG2_to_STAG1,Avana,ACH-002535,Bowel,intact,0.008247709610827311
PDS5B_to_PDS5A,Avana,ACH-002535,Bowel,intact,0.27534205774814113
STAG2_to_STAG1,Avana,ACH-002647,Biliary Tract,intact,-0.21780949450831766
PDS5B_to_PDS5A,Avana,ACH-002647,Biliary Tract,intact,-0.8112114435347966
STAG2_to_STAG1,Avana,ACH-002650,Lung,intact,-0.4988282651642768
PDS5B_to_PDS5A,Avana,ACH-002650,Lung,intact,-0.33384269779349957
STAG2_to_STAG1,Avana,ACH-002654,Bowel,intact,0.23103068436619273
PDS5B_to_PDS5A,Avana,ACH-002654,Bowel,intact,-0.006000796246019097
STAG2_to_STAG1,Avana,ACH-002659,Bowel,intact,-0.46627250592620495
PDS5B_to_PDS5A,Avana,ACH-002659,Bowel,intact,0.019297956442131142
STAG2_to_STAG1,Avana,ACH-002664,Bowel,intact,-0.0714384176566066
PDS5B_to_PDS5A,Avana,ACH-002664,Bowel,intact,-0.41201298452394625
STAG2_to_STAG1,Avana,ACH-002669,Bowel,intact,-0.2904037970521747
PDS5B_to_PDS5A,Avana,ACH-002669,Bowel,intact,-0.5699336830141237
STAG2_to_STAG1,Avana,ACH-002672,Pancreas,intact,-0.07528144957954287
PDS5B_to_PDS5A,Avana,ACH-002672,Pancreas,intact,0.33769437549603154
STAG2_to_STAG1,Avana,ACH-002680,CNS/Brain,intact,-0.610594559024666
PDS5B_to_PDS5A,Avana,ACH-002680,CNS/Brain,intact,-0.5068362966002297
STAG2_to_STAG1,Avana,ACH-002687,Eye,intact,-0.5906778299905895
PDS5B_to_PDS5A,Avana,ACH-002687,Eye,intact,-0.3521277137674722
STAG2_to_STAG1,Avana,ACH-002693,Peripheral Nervous System,intact,-0.23495251640636006
PDS5B_to_PDS5A,Avana,ACH-002693,Peripheral Nervous System,intact,-1.2521017897862587
STAG2_to_STAG1,Avana,ACH-002710,Peripheral Nervous System,intact,-0.27671306723532124
PDS5B_to_PDS5A,Avana,ACH-002710,Peripheral Nervous System,intact,-0.8181290346231007
STAG2_to_STAG1,Avana,ACH-002785,Soft Tissue,intact,-0.045600599028257645
PDS5B_to_PDS5A,Avana,ACH-002785,Soft Tissue,intact,-0.6372087615283492
STAG2_to_STAG1,Avana,ACH-002799,Peripheral Nervous System,intact,-0.11358654551090905
PDS5B_to_PDS5A,Avana,ACH-002799,Peripheral Nervous System,intact,-0.7987063539882175
STAG2_to_STAG1,Avana,ACH-002800,Peripheral Nervous System,intact,0.42029338875027333
PDS5B_to_PDS5A,Avana,ACH-002800,Peripheral Nervous System,intact,-0.4586155884467222
STAG2_to_STAG1,Avana,ACH-002834,Bone,intact,-0.42269462612455505
PDS5B_to_PDS5A,Avana,ACH-002834,Bone,intact,0.010454709152547061
STAG2_to_STAG1,Avana,ACH-002847,Skin,intact,0.3323259861992405
PDS5B_to_PDS5A,Avana,ACH-002847,Skin,intact,0.3019453363775567
STAG2_to_STAG1,Avana,ACH-002922,Peripheral Nervous System,intact,0.13689801782674008
PDS5B_to_PDS5A,Avana,ACH-002922,Peripheral Nervous System,intact,-0.6594123008294446
STAG2_to_STAG1,Avana,ACH-002925,Eye,intact,-0.544141225605775
PDS5B_to_PDS5A,Avana,ACH-002925,Eye,intact,-0.9689641852776695
STAG2_to_STAG1,Avana,ACH-002926,Eye,intact,-0.15076238854093915
PDS5B_to_PDS5A,Avana,ACH-002926,Eye,intact,-0.857158226575629
STAG2_to_STAG1,KY,ACH-000001,Ovary/Fallopian Tube,intact,-0.5731664947761206
PDS5B_to_PDS5A,KY,ACH-000001,Ovary/Fallopian Tube,intact,-0.5960299266009699
STAG2_to_STAG1,KY,ACH-000007,Bowel,intact,-0.31132732319236994
PDS5B_to_PDS5A,KY,ACH-000007,Bowel,intact,-0.30227786470442375
STAG2_to_STAG1,KY,ACH-000009,Bowel,intact,-0.49289264075648614
PDS5B_to_PDS5A,KY,ACH-000009,Bowel,intact,-1.2480153932835691
STAG2_to_STAG1,KY,ACH-000019,Breast,intact,-0.8514578980645714
PDS5B_to_PDS5A,KY,ACH-000019,Breast,intact,0.3084022470576823
STAG2_to_STAG1,KY,ACH-000023,Pancreas,intact,-0.7242569146730702
PDS5B_to_PDS5A,KY,ACH-000023,Pancreas,intact,-0.4492780247519816
STAG2_to_STAG1,KY,ACH-000024,Lymphoid,intact,-0.16687266312282237
PDS5B_to_PDS5A,KY,ACH-000024,Lymphoid,intact,-1.2829756381089694
STAG2_to_STAG1,KY,ACH-000030,Lung,intact,0.0784523736610059
PDS5B_to_PDS5A,KY,ACH-000030,Lung,intact,-0.20183629002318337
STAG2_to_STAG1,KY,ACH-000035,Lung,intact,0.06018421464206355
PDS5B_to_PDS5A,KY,ACH-000035,Lung,intact,0.03479059565205578
STAG2_to_STAG1,KY,ACH-000042,Pancreas,intact,-0.04944861044362701
PDS5B_to_PDS5A,KY,ACH-000042,Pancreas,intact,-0.08418458777033647
STAG2_to_STAG1,KY,ACH-000048,Ovary/Fallopian Tube,intact,-0.40842449552263277
PDS5B_to_PDS5A,KY,ACH-000048,Ovary/Fallopian Tube,intact,-0.6434992391490407
STAG2_to_STAG1,KY,ACH-000060,Pancreas,intact,0.314642828469392
PDS5B_to_PDS5A,KY,ACH-000060,Pancreas,intact,-0.6460440025682386
STAG2_to_STAG1,KY,ACH-000067,CNS/Brain,intact,-0.03650736251971601
PDS5B_to_PDS5A,KY,ACH-000067,CNS/Brain,intact,-0.344008239440314
STAG2_to_STAG1,KY,ACH-000075,CNS/Brain,intact,-0.07820177795549375
PDS5B_to_PDS5A,KY,ACH-000075,CNS/Brain,intact,-0.7275386886704536
STAG2_to_STAG1,KY,ACH-000094,Pancreas,intact,-0.35366321027372727
PDS5B_to_PDS5A,KY,ACH-000094,Pancreas,intact,-0.5411599598475089
STAG2_to_STAG1,KY,ACH-000098,CNS/Brain,intact,-0.07977752066111617
PDS5B_to_PDS5A,KY,ACH-000098,CNS/Brain,intact,-0.510040266146807
STAG2_to_STAG1,KY,ACH-000103,Ovary/Fallopian Tube,intact,-0.2653575235955626
PDS5B_to_PDS5A,KY,ACH-000103,Ovary/Fallopian Tube,intact,-0.5223331799566756
STAG2_to_STAG1,KY,ACH-000108,Pancreas,intact,-0.09219931850744027
PDS5B_to_PDS5A,KY,ACH-000108,Pancreas,intact,-0.017775848869851358
STAG2_to_STAG1,KY,ACH-000111,Breast,intact,-0.7538884831782152
PDS5B_to_PDS5A,KY,ACH-000111,Breast,intact,-0.3933825098230506
STAG2_to_STAG1,KY,ACH-000113,Myeloid,intact,-0.29468319512811675
PDS5B_to_PDS5A,KY,ACH-000113,Myeloid,intact,-1.7989884460452323
STAG2_to_STAG1,KY,ACH-000114,Pancreas,intact,-0.36286102417300503
PDS5B_to_PDS5A,KY,ACH-000114,Pancreas,intact,-0.34091343750415876
STAG2_to_STAG1,KY,ACH-000118,Pancreas,intact,-0.7302661592716665
PDS5B_to_PDS5A,KY,ACH-000118,Pancreas,intact,-1.6242705127210908
STAG2_to_STAG1,KY,ACH-000120,Peripheral Nervous System,intact,0.22516252625325262
PDS5B_to_PDS5A,KY,ACH-000120,Peripheral Nervous System,intact,-0.3540259128759271
STAG2_to_STAG1,KY,ACH-000124,Lymphoid,intact,0.28516338624172605
PDS5B_to_PDS5A,KY,ACH-000124,Lymphoid,intact,-0.44342564597326023
STAG2_to_STAG1,KY,ACH-000132,Ovary/Fallopian Tube,intact,0.1372216893232023
PDS5B_to_PDS5A,KY,ACH-000132,Ovary/Fallopian Tube,intact,-0.5344968748131322
STAG2_to_STAG1,KY,ACH-000137,CNS/Brain,intact,-0.6145892749206001
PDS5B_to_PDS5A,KY,ACH-000137,CNS/Brain,intact,-0.4658087903586066
STAG2_to_STAG1,KY,ACH-000139,Pancreas,intact,0.24180657220163101
PDS5B_to_PDS5A,KY,ACH-000139,Pancreas,intact,-1.3564244263961387
STAG2_to_STAG1,KY,ACH-000144,Esophagus/Stomach,intact,0.016861929268994658
PDS5B_to_PDS5A,KY,ACH-000144,Esophagus/Stomach,intact,-0.010972563477397751
STAG2_to_STAG1,KY,ACH-000147,Breast,intact,-1.2661326606396321
PDS5B_to_PDS5A,KY,ACH-000147,Breast,intact,0.375286506223449
STAG2_to_STAG1,KY,ACH-000148,Breast,intact,-0.215379374004953
PDS5B_to_PDS5A,KY,ACH-000148,Breast,intact,-0.6588318142180443
STAG2_to_STAG1,KY,ACH-000149,Peripheral Nervous System,intact,-0.48329301434217786
PDS5B_to_PDS5A,KY,ACH-000149,Peripheral Nervous System,intact,-0.6255181178982531
STAG2_to_STAG1,KY,ACH-000155,Pancreas,intact,-0.14383917521233328
PDS5B_to_PDS5A,KY,ACH-000155,Pancreas,intact,0.3252632137630397
STAG2_to_STAG1,KY,ACH-000176,Lung,intact,0.16128324503068883
PDS5B_to_PDS5A,KY,ACH-000176,Lung,intact,-0.13866369080858834
STAG2_to_STAG1,KY,ACH-000181,Head and Neck,intact,-0.9080707936063549
PDS5B_to_PDS5A,KY,ACH-000181,Head and Neck,intact,-0.19182581662397055
STAG2_to_STAG1,KY,ACH-000183,Lymphoid,intact,-1.4207749546089843
PDS5B_to_PDS5A,KY,ACH-000183,Lymphoid,intact,-1.4599730866640421
STAG2_to_STAG1,KY,ACH-000192,Uterus,intact,-0.0791171653301728
PDS5B_to_PDS5A,KY,ACH-000192,Uterus,intact,0.5271997737168707
STAG2_to_STAG1,KY,ACH-000200,CNS/Brain,intact,-0.8993023280907533
PDS5B_to_PDS5A,KY,ACH-000200,CNS/Brain,intact,-1.2208264975986458
STAG2_to_STAG1,KY,ACH-000204,Lymphoid,intact,-0.9435157026929678
PDS5B_to_PDS5A,KY,ACH-000204,Lymphoid,intact,-0.3375516164426064
STAG2_to_STAG1,KY,ACH-000207,Head and Neck,intact,-0.2041930544981755
PDS5B_to_PDS5A,KY,ACH-000207,Head and Neck,intact,-0.8440848497545482
STAG2_to_STAG1,KY,ACH-000213,Pancreas,intact,-1.0177487839562473
PDS5B_to_PDS5A,KY,ACH-000213,Pancreas,intact,-0.7966539833842328
STAG2_to_STAG1,KY,ACH-000219,Skin,intact,-0.24909250817117715
PDS5B_to_PDS5A,KY,ACH-000219,Skin,intact,-0.8468422087595209
STAG2_to_STAG1,KY,ACH-000222,Pancreas,intact,0.12353935960590712
PDS5B_to_PDS5A,KY,ACH-000222,Pancreas,intact,-0.5426251173821205
STAG2_to_STAG1,KY,ACH-000223,Breast,intact,0.20239111840748156
PDS5B_to_PDS5A,KY,ACH-000223,Breast,intact,-0.9074438751261648
STAG2_to_STAG1,KY,ACH-000227,Peripheral Nervous System,intact,0.2793171210842688
PDS5B_to_PDS5A,KY,ACH-000227,Peripheral Nervous System,intact,0.32309062893264845
STAG2_to_STAG1,KY,ACH-000232,CNS/Brain,intact,0.09294260046418897
PDS5B_to_PDS5A,KY,ACH-000232,CNS/Brain,intact,-0.31228446093385914
STAG2_to_STAG1,KY,ACH-000235,Pancreas,intact,-0.15858383855972405
PDS5B_to_PDS5A,KY,ACH-000235,Pancreas,intact,-0.897034748062793
STAG2_to_STAG1,KY,ACH-000238,Head and Neck,intact,-0.07799869090843052
PDS5B_to_PDS5A,KY,ACH-000238,Head and Neck,intact,-0.38661879761780216
STAG2_to_STAG1,KY,ACH-000243,Pancreas,intact,-0.2659996576725119
PDS5B_to_PDS5A,KY,ACH-000243,Pancreas,intact,-0.3190984151480347
STAG2_to_STAG1,KY,ACH-000244,CNS/Brain,intact,-0.174827006217046
PDS5B_to_PDS5A,KY,ACH-000244,CNS/Brain,intact,-1.3637158803911325
STAG2_to_STAG1,KY,ACH-000248,Breast,intact,-0.010875770629743556
PDS5B_to_PDS5A,KY,ACH-000248,Breast,intact,-0.9133987173149244
STAG2_to_STAG1,KY,ACH-000249,Bowel,intact,-0.5568189780139418
PDS5B_to_PDS5A,KY,ACH-000249,Bowel,intact,-1.1749263223135393
STAG2_to_STAG1,KY,ACH-000252,Bowel,intact,-1.368916975309357
PDS5B_to_PDS5A,KY,ACH-000252,Bowel,intact,-0.6429710744171001
STAG2_to_STAG1,KY,ACH-000260,Peripheral Nervous System,intact,-0.9526896690857326
PDS5B_to_PDS5A,KY,ACH-000260,Peripheral Nervous System,intact,0.3269789157867307
STAG2_to_STAG1,KY,ACH-000265,Pancreas,intact,-0.4198340393527908
PDS5B_to_PDS5A,KY,ACH-000265,Pancreas,intact,-0.2582092945716166
STAG2_to_STAG1,KY,ACH-000269,CNS/Brain,intact,-0.015856218442741668
PDS5B_to_PDS5A,KY,ACH-000269,CNS/Brain,intact,-0.8919104345829869
STAG2_to_STAG1,KY,ACH-000271,Lymphoid,intact,0.08185652929137473
PDS5B_to_PDS5A,KY,ACH-000271,Lymphoid,intact,0.160696637868414
STAG2_to_STAG1,KY,ACH-000273,CNS/Brain,damaging,-0.25052731037334747
PDS5B_to_PDS5A,KY,ACH-000273,CNS/Brain,intact,-0.35705973108544253
STAG2_to_STAG1,KY,ACH-000276,Breast,intact,-0.9615005124128585
PDS5B_to_PDS5A,KY,ACH-000276,Breast,intact,-0.16544308934525606
STAG2_to_STAG1,KY,ACH-000291,Ovary/Fallopian Tube,intact,-0.30258450022159045
PDS5B_to_PDS5A,KY,ACH-000291,Ovary/Fallopian Tube,intact,0.14935116478887087
STAG2_to_STAG1,KY,ACH-000293,Uterus,intact,-0.09658472865140405
PDS5B_to_PDS5A,KY,ACH-000293,Uterus,intact,-0.23337438254274046
STAG2_to_STAG1,KY,ACH-000305,Esophagus/Stomach,intact,-0.04022802039290654
PDS5B_to_PDS5A,KY,ACH-000305,Esophagus/Stomach,intact,-0.05756680594499852
STAG2_to_STAG1,KY,ACH-000308,Ovary/Fallopian Tube,intact,-0.04430841678824984
PDS5B_to_PDS5A,KY,ACH-000308,Ovary/Fallopian Tube,intact,0.014288792457164351
STAG2_to_STAG1,KY,ACH-000318,Esophagus/Stomach,intact,-0.9173634896446602
PDS5B_to_PDS5A,KY,ACH-000318,Esophagus/Stomach,intact,-0.9372277163058828
STAG2_to_STAG1,KY,ACH-000320,Pancreas,intact,-0.4462866692510197
PDS5B_to_PDS5A,KY,ACH-000320,Pancreas,intact,-0.6235197176401955
STAG2_to_STAG1,KY,ACH-000323,CNS/Brain,damaging,-2.5670825316978005
PDS5B_to_PDS5A,KY,ACH-000323,CNS/Brain,intact,-0.5088173766539796
STAG2_to_STAG1,KY,ACH-000336,Myeloid,intact,-0.30357344087171784
PDS5B_to_PDS5A,KY,ACH-000336,Myeloid,intact,-0.8385478492713624
STAG2_to_STAG1,KY,ACH-000337,Lung,intact,-0.37881803750244275
PDS5B_to_PDS5A,KY,ACH-000337,Lung,intact,-0.5333378664278715
STAG2_to_STAG1,KY,ACH-000341,Peripheral Nervous System,intact,-0.4184918991751361
PDS5B_to_PDS5A,KY,ACH-000341,Peripheral Nervous System,intact,0.13184022755623823
STAG2_to_STAG1,KY,ACH-000350,Bowel,intact,-0.0001785281988169185
PDS5B_to_PDS5A,KY,ACH-000350,Bowel,intact,0.14474170446001666
STAG2_to_STAG1,KY,ACH-000354,Pancreas,intact,0.32008676799346025
PDS5B_to_PDS5A,KY,ACH-000354,Pancreas,intact,-0.5174360735010679
STAG2_to_STAG1,KY,ACH-000366,Peripheral Nervous System,intact,0.1840751295272243
PDS5B_to_PDS5A,KY,ACH-000366,Peripheral Nervous System,intact,-0.014161288391037604
STAG2_to_STAG1,KY,ACH-000367,Pleura,intact,-0.27288001391042305
PDS5B_to_PDS5A,KY,ACH-000367,Pleura,intact,-0.022143265511722077
STAG2_to_STAG1,KY,ACH-000374,Breast,intact,-0.24536066310193974
PDS5B_to_PDS5A,KY,ACH-000374,Breast,intact,-1.2609013745896795
STAG2_to_STAG1,KY,ACH-000376,CNS/Brain,intact,0.024741134362831985
PDS5B_to_PDS5A,KY,ACH-000376,CNS/Brain,intact,-0.4293837847456175
STAG2_to_STAG1,KY,ACH-000381,Bowel,intact,-0.1403637984490973
PDS5B_to_PDS5A,KY,ACH-000381,Bowel,intact,-1.4140558881841763
STAG2_to_STAG1,KY,ACH-000383,Esophagus/Stomach,intact,-0.6580274564464301
PDS5B_to_PDS5A,KY,ACH-000383,Esophagus/Stomach,intact,0.3104418822651936
STAG2_to_STAG1,KY,ACH-000391,Bone,intact,-2.685481197558025
PDS5B_to_PDS5A,KY,ACH-000391,Bone,intact,-0.14545797336355368
STAG2_to_STAG1,KY,ACH-000395,Lung,intact,-0.1658586454164749
PDS5B_to_PDS5A,KY,ACH-000395,Lung,intact,-0.44213568026893707
STAG2_to_STAG1,KY,ACH-000408,Esophagus/Stomach,intact,0.09414477016103488
PDS5B_to_PDS5A,KY,ACH-000408,Esophagus/Stomach,intact,-0.36538872231164504
STAG2_to_STAG1,KY,ACH-000411,Kidney,intact,0.03409749715340795
PDS5B_to_PDS5A,KY,ACH-000411,Kidney,intact,-0.2752350868586329
STAG2_to_STAG1,KY,ACH-000414,Lung,intact,-0.8459746793324232
PDS5B_to_PDS5A,KY,ACH-000414,Lung,intact,0.11781563978335997
STAG2_to_STAG1,KY,ACH-000417,Pancreas,intact,0.013542168287795087
PDS5B_to_PDS5A,KY,ACH-000417,Pancreas,intact,-0.11772188187858745
STAG2_to_STAG1,KY,ACH-000421,Bowel,intact,0.10323519110458079
PDS5B_to_PDS5A,KY,ACH-000421,Bowel,intact,-0.3182304051069345
STAG2_to_STAG1,KY,ACH-000424,Bone,intact,-0.4372939440888379
PDS5B_to_PDS5A,KY,ACH-000424,Bone,intact,-0.3313951111148009
STAG2_to_STAG1,KY,ACH-000427,Esophagus/Stomach,intact,-0.14085701126904127
PDS5B_to_PDS5A,KY,ACH-000427,Esophagus/Stomach,intact,0.21129385439376028
STAG2_to_STAG1,KY,ACH-000430,Ovary/Fallopian Tube,intact,-0.14962883832818016
PDS5B_to_PDS5A,KY,ACH-000430,Ovary/Fallopian Tube,intact,0.03716509388671372
STAG2_to_STAG1,KY,ACH-000434,Lung,intact,-0.20245044924246017
PDS5B_to_PDS5A,KY,ACH-000434,Lung,intact,-0.2641351450164591
STAG2_to_STAG1,KY,ACH-000437,CNS/Brain,intact,0.18774320329685074
PDS5B_to_PDS5A,KY,ACH-000437,CNS/Brain,intact,-0.34729296721950936
STAG2_to_STAG1,KY,ACH-000438,Lung,intact,0.6858852130844034
PDS5B_to_PDS5A,KY,ACH-000438,Lung,intact,-0.43765329412730347
STAG2_to_STAG1,KY,ACH-000442,Lung,intact,0.2819808375767761
PDS5B_to_PDS5A,KY,ACH-000442,Lung,intact,0.03389161184315676
STAG2_to_STAG1,KY,ACH-000452,Esophagus/Stomach,intact,-0.27177156699951666
PDS5B_to_PDS5A,KY,ACH-000452,Esophagus/Stomach,intact,0.09662507561627898
STAG2_to_STAG1,KY,ACH-000464,CNS/Brain,intact,-0.2316129674515587
PDS5B_to_PDS5A,KY,ACH-000464,CNS/Brain,intact,-0.08029275650630201
STAG2_to_STAG1,KY,ACH-000469,CNS/Brain,intact,0.3583737869728951
PDS5B_to_PDS5A,KY,ACH-000469,CNS/Brain,intact,-0.8637142257812225
STAG2_to_STAG1,KY,ACH-000481,Lung,intact,0.08121552088124308
PDS5B_to_PDS5A,KY,ACH-000481,Lung,intact,-0.12451387618964205
STAG2_to_STAG1,KY,ACH-000501,Bowel,intact,-0.4467664535303319
PDS5B_to_PDS5A,KY,ACH-000501,Bowel,intact,-0.9830778247848823
STAG2_to_STAG1,KY,ACH-000504,CNS/Brain,intact,0.18173002778025366
PDS5B_to_PDS5A,KY,ACH-000504,CNS/Brain,intact,-0.2421851128786603
STAG2_to_STAG1,KY,ACH-000505,Soft Tissue,intact,-0.34039177411256055
PDS5B_to_PDS5A,KY,ACH-000505,Soft Tissue,intact,-0.17042248303322025
STAG2_to_STAG1,KY,ACH-000510,Lung,intact,0.513416616156362
PDS5B_to_PDS5A,KY,ACH-000510,Lung,intact,-1.1827989816351232
STAG2_to_STAG1,KY,ACH-000518,Head and Neck,intact,-0.325886820194744
PDS5B_to_PDS5A,KY,ACH-000518,Head and Neck,intact,-0.33669667471770287
STAG2_to_STAG1,KY,ACH-000524,Ovary/Fallopian Tube,intact,0.1252169781897034
PDS5B_to_PDS5A,KY,ACH-000524,Ovary/Fallopian Tube,intact,-0.27799050479683834
STAG2_to_STAG1,KY,ACH-000527,Ovary/Fallopian Tube,intact,-0.11181257931993382
PDS5B_to_PDS5A,KY,ACH-000527,Ovary/Fallopian Tube,intact,-1.4604026630154947
STAG2_to_STAG1,KY,ACH-000532,Bowel,intact,-0.6659165551597783
PDS5B_to_PDS5A,KY,ACH-000532,Bowel,intact,0.2955352803364025
STAG2_to_STAG1,KY,ACH-000535,Pancreas,intact,-0.2521035801585264
PDS5B_to_PDS5A,KY,ACH-000535,Pancreas,intact,-0.04793819286945328
STAG2_to_STAG1,KY,ACH-000544,Esophagus/Stomach,intact,0.05859325009997221
PDS5B_to_PDS5A,KY,ACH-000544,Esophagus/Stomach,intact,-0.04834752176104362
STAG2_to_STAG1,KY,ACH-000546,Head and Neck,intact,0.14499358828413272
PDS5B_to_PDS5A,KY,ACH-000546,Head and Neck,intact,-0.6212571762492666
STAG2_to_STAG1,KY,ACH-000548,Head and Neck,intact,0.11199090468913364
PDS5B_to_PDS5A,KY,ACH-000548,Head and Neck,intact,-0.4875919024407605
STAG2_to_STAG1,KY,ACH-000552,Bowel,intact,-0.0887066956894821
PDS5B_to_PDS5A,KY,ACH-000552,Bowel,intact,-0.09081576610755114
STAG2_to_STAG1,KY,ACH-000554,Breast,intact,0.01967505630906115
PDS5B_to_PDS5A,KY,ACH-000554,Breast,intact,-1.2440041034825216
STAG2_to_STAG1,KY,ACH-000558,CNS/Brain,intact,-0.17988629515314752
PDS5B_to_PDS5A,KY,ACH-000558,CNS/Brain,intact,0.2450616137156189
STAG2_to_STAG1,KY,ACH-000561,Esophagus/Stomach,intact,-0.5206070755582223
PDS5B_to_PDS5A,KY,ACH-000561,Esophagus/Stomach,intact,-0.40274308150424637
STAG2_to_STAG1,KY,ACH-000562,Lung,intact,-0.31274000984810973
PDS5B_to_PDS5A,KY,ACH-000562,Lung,intact,-0.7200197697732249
STAG2_to_STAG1,KY,ACH-000563,Lung,intact,-0.07336142096837814
PDS5B_to_PDS5A,KY,ACH-000563,Lung,intact,0.3059189405042325
STAG2_to_STAG1,KY,ACH-000565,Bowel,intact,-0.7858521726669533
PDS5B_to_PDS5A,KY,ACH-000565,Bowel,intact,-0.47053417572173495
STAG2_to_STAG1,KY,ACH-000571,CNS/Brain,intact,-0.6960764279485055
PDS5B_to_PDS5A,KY,ACH-000571,CNS/Brain,intact,-0.2957929055453517
STAG2_to_STAG1,KY,ACH-000573,Breast,intact,-0.1967707695204964
PDS5B_to_PDS5A,KY,ACH-000573,Breast,intact,-1.1151176278357162
STAG2_to_STAG1,KY,ACH-000581,Esophagus/Stomach,intact,0.21963978090555655
PDS5B_to_PDS5A,KY,ACH-000581,Esophagus/Stomach,intact,0.5347265650911076
STAG2_to_STAG1,KY,ACH-000584,Ovary/Fallopian Tube,intact,0.15433315215018986
PDS5B_to_PDS5A,KY,ACH-000584,Ovary/Fallopian Tube,intact,0.26477628022624144
STAG2_to_STAG1,KY,ACH-000585,Lung,intact,0.1158359678465193
PDS5B_to_PDS5A,KY,ACH-000585,Lung,intact,0.01124549919206358
STAG2_to_STAG1,KY,ACH-000587,Lung,intact,-0.062443137466819565
PDS5B_to_PDS5A,KY,ACH-000587,Lung,intact,-1.7069467795645676
STAG2_to_STAG1,KY,ACH-000595,CNS/Brain,intact,0.2644694424563321
PDS5B_to_PDS5A,KY,ACH-000595,CNS/Brain,intact,0.2677758157370569
STAG2_to_STAG1,KY,ACH-000596,Lung,intact,-1.3882030160203946
PDS5B_to_PDS5A,KY,ACH-000596,Lung,intact,-0.7583509857970604
STAG2_to_STAG1,KY,ACH-000599,Pancreas,intact,-0.3531290309256721
PDS5B_to_PDS5A,KY,ACH-000599,Pancreas,intact,-0.6057630699095234
STAG2_to_STAG1,KY,ACH-000601,Pancreas,intact,-0.44434788531451247
PDS5B_to_PDS5A,KY,ACH-000601,Pancreas,intact,-0.019192272452463615
STAG2_to_STAG1,KY,ACH-000609,CNS/Brain,intact,-0.38938509278775557
PDS5B_to_PDS5A,KY,ACH-000609,CNS/Brain,intact,-0.2039771553504611
STAG2_to_STAG1,KY,ACH-000619,Head and Neck,intact,-0.06172572958371519
PDS5B_to_PDS5A,KY,ACH-000619,Head and Neck,intact,-0.4778505646882725
STAG2_to_STAG1,KY,ACH-000622,CNS/Brain,intact,0.12021866813632756
PDS5B_to_PDS5A,KY,ACH-000622,CNS/Brain,intact,-0.06034463032037185
STAG2_to_STAG1,KY,ACH-000624,Breast,intact,0.38057516896372484
PDS5B_to_PDS5A,KY,ACH-000624,Breast,intact,-0.25097742071413154
STAG2_to_STAG1,KY,ACH-000637,Esophagus/Stomach,intact,-0.2587815340584183
PDS5B_to_PDS5A,KY,ACH-000637,Esophagus/Stomach,intact,0.13101538540856364
STAG2_to_STAG1,KY,ACH-000651,Bowel,intact,-0.715205705808938
PDS5B_to_PDS5A,KY,ACH-000651,Bowel,intact,0.20365082228714051
STAG2_to_STAG1,KY,ACH-000652,Pancreas,intact,-0.9963563070780866
PDS5B_to_PDS5A,KY,ACH-000652,Pancreas,intact,-0.0247983191895223
STAG2_to_STAG1,KY,ACH-000656,Lymphoid,intact,0.2594418966771533
PDS5B_to_PDS5A,KY,ACH-000656,Lymphoid,intact,-0.050640312025416634
STAG2_to_STAG1,KY,ACH-000657,Ovary/Fallopian Tube,intact,-1.6042778688510477
PDS5B_to_PDS5A,KY,ACH-000657,Ovary/Fallopian Tube,intact,-1.115648282790349
STAG2_to_STAG1,KY,ACH-000660,Lymphoid,intact,-0.5805902518488429
PDS5B_to_PDS5A,KY,ACH-000660,Lymphoid,damaging,-2.8159684148419752
STAG2_to_STAG1,KY,ACH-000662,Lung,intact,0.03254118148748889
PDS5B_to_PDS5A,KY,ACH-000662,Lung,intact,-1.241140501010486
STAG2_to_STAG1,KY,ACH-000665,Lung,intact,0.13786279021689882
PDS5B_to_PDS5A,KY,ACH-000665,Lung,intact,0.030339439163931448
STAG2_to_STAG1,KY,ACH-000666,Lung,intact,-0.6926025930799876
PDS5B_to_PDS5A,KY,ACH-000666,Lung,intact,-1.0822454645773156
STAG2_to_STAG1,KY,ACH-000668,Breast,intact,-0.07856296804607144
PDS5B_to_PDS5A,KY,ACH-000668,Breast,intact,-0.5697435573456738
STAG2_to_STAG1,KY,ACH-000677,Lung,intact,-0.18691539550190073
PDS5B_to_PDS5A,KY,ACH-000677,Lung,intact,0.08579564390228174
STAG2_to_STAG1,KY,ACH-000681,Lung,intact,-0.18965371614997523
PDS5B_to_PDS5A,KY,ACH-000681,Lung,intact,-0.14129054599097624
STAG2_to_STAG1,KY,ACH-000694,Esophagus/Stomach,intact,0.3660118361157571
PDS5B_to_PDS5A,KY,ACH-000694,Esophagus/Stomach,intact,-0.0778119649608266
STAG2_to_STAG1,KY,ACH-000696,Ovary/Fallopian Tube,intact,-0.4566812338021085
PDS5B_to_PDS5A,KY,ACH-000696,Ovary/Fallopian Tube,intact,-0.30727068267400465
STAG2_to_STAG1,KY,ACH-000699,Breast,intact,-0.8667243235408759
PDS5B_to_PDS5A,KY,ACH-000699,Breast,intact,-0.5814475162763868
STAG2_to_STAG1,KY,ACH-000704,Ovary/Fallopian Tube,intact,-0.5432755829167414
PDS5B_to_PDS5A,KY,ACH-000704,Ovary/Fallopian Tube,intact,0.03872476266774697
STAG2_to_STAG1,KY,ACH-000711,Breast,intact,0.03654629691860661
PDS5B_to_PDS5A,KY,ACH-000711,Breast,intact,-0.5083121749102416
STAG2_to_STAG1,KY,ACH-000714,Lymphoid,intact,-0.45246783041516636
PDS5B_to_PDS5A,KY,ACH-000714,Lymphoid,intact,-0.2208666220665989
STAG2_to_STAG1,KY,ACH-000717,Esophagus/Stomach,intact,0.4720747545265714
PDS5B_to_PDS5A,KY,ACH-000717,Esophagus/Stomach,intact,0.1821546596001072
STAG2_to_STAG1,KY,ACH-000719,Ovary/Fallopian Tube,intact,-0.09311611179963036
PDS5B_to_PDS5A,KY,ACH-000719,Ovary/Fallopian Tube,intact,-0.001788024727365417
STAG2_to_STAG1,KY,ACH-000722,Bowel,intact,-0.43504441962548324
PDS5B_to_PDS5A,KY,ACH-000722,Bowel,intact,-0.7676438946509743
STAG2_to_STAG1,KY,ACH-000738,CNS/Brain,intact,-0.9093854937827555
PDS5B_to_PDS5A,KY,ACH-000738,CNS/Brain,intact,-0.2016480999129954
STAG2_to_STAG1,KY,ACH-000740,Head and Neck,intact,-0.15182578093631616
PDS5B_to_PDS5A,KY,ACH-000740,Head and Neck,intact,-0.44839313038136847
STAG2_to_STAG1,KY,ACH-000748,Bone,intact,-0.1346402353488074
PDS5B_to_PDS5A,KY,ACH-000748,Bone,intact,-0.24262409912802696
STAG2_to_STAG1,KY,ACH-000756,CNS/Brain,intact,0.07458308184709272
PDS5B_to_PDS5A,KY,ACH-000756,CNS/Brain,intact,-0.6776122898379136
STAG2_to_STAG1,KY,ACH-000768,Breast,intact,-0.14390968125700088
PDS5B_to_PDS5A,KY,ACH-000768,Breast,intact,-0.72153930251877
STAG2_to_STAG1,KY,ACH-000769,Lung,intact,-0.12532699900078156
PDS5B_to_PDS5A,KY,ACH-000769,Lung,intact,0.4225138939158093
STAG2_to_STAG1,KY,ACH-000778,Head and Neck,intact,-0.2441046974692241
PDS5B_to_PDS5A,KY,ACH-000778,Head and Neck,intact,0.2465953999596818
STAG2_to_STAG1,KY,ACH-000781,Lung,intact,0.020064647313873325
PDS5B_to_PDS5A,KY,ACH-000781,Lung,intact,-0.06200079547414558
STAG2_to_STAG1,KY,ACH-000784,Esophagus/Stomach,intact,-0.5233517072040809
PDS5B_to_PDS5A,KY,ACH-000784,Esophagus/Stomach,intact,-0.26872800785006334
STAG2_to_STAG1,KY,ACH-000787,Lung,intact,-0.5268652642289782
PDS5B_to_PDS5A,KY,ACH-000787,Lung,intact,-0.10913064023705954
STAG2_to_STAG1,KY,ACH-000788,Skin,intact,0.33412142418547575
PDS5B_to_PDS5A,KY,ACH-000788,Skin,intact,-0.17746585598263112
STAG2_to_STAG1,KY,ACH-000793,Esophagus/Stomach,intact,-0.38709145455868965
PDS5B_to_PDS5A,KY,ACH-000793,Esophagus/Stomach,intact,0.31672289692202593
STAG2_to_STAG1,KY,ACH-000794,Head and Neck,intact,-0.05597319988449571
PDS5B_to_PDS5A,KY,ACH-000794,Head and Neck,intact,0.2578183148480094
STAG2_to_STAG1,KY,ACH-000796,Ovary/Fallopian Tube,intact,0.0446678258921338
PDS5B_to_PDS5A,KY,ACH-000796,Ovary/Fallopian Tube,intact,-0.024522409693917762
STAG2_to_STAG1,KY,ACH-000809,Esophagus/Stomach,intact,-0.25433376718007195
PDS5B_to_PDS5A,KY,ACH-000809,Esophagus/Stomach,intact,-0.07764389444941333
STAG2_to_STAG1,KY,ACH-000817,Lymphoid,intact,-0.30173903302473676
PDS5B_to_PDS5A,KY,ACH-000817,Lymphoid,intact,-0.3233547055818468
STAG2_to_STAG1,KY,ACH-000823,Esophagus/Stomach,intact,-0.013780536674293834
PDS5B_to_PDS5A,KY,ACH-000823,Esophagus/Stomach,intact,0.23090506167794964
STAG2_to_STAG1,KY,ACH-000824,Esophagus/Stomach,intact,-0.17297900886445383
PDS5B_to_PDS5A,KY,ACH-000824,Esophagus/Stomach,intact,-0.28077265781793437
STAG2_to_STAG1,KY,ACH-000832,Head and Neck,intact,-7.422477961327445e-05
PDS5B_to_PDS5A,KY,ACH-000832,Head and Neck,intact,-0.5437542633841567
STAG2_to_STAG1,KY,ACH-000841,Lung,intact,0.00531162110973796
PDS5B_to_PDS5A,KY,ACH-000841,Lung,intact,-0.21510087907706796
STAG2_to_STAG1,KY,ACH-000843,Lung,intact,0.11723043495578989
PDS5B_to_PDS5A,KY,ACH-000843,Lung,intact,-0.09278765386619031
STAG2_to_STAG1,KY,ACH-000846,Head and Neck,intact,-0.48262597017400716
PDS5B_to_PDS5A,KY,ACH-000846,Head and Neck,intact,-0.6464520953574079
STAG2_to_STAG1,KY,ACH-000847,Esophagus/Stomach,intact,-0.7947929074370759
PDS5B_to_PDS5A,KY,ACH-000847,Esophagus/Stomach,intact,0.5347446438598772
STAG2_to_STAG1,KY,ACH-000849,Breast,intact,0.4545925138661478
PDS5B_to_PDS5A,KY,ACH-000849,Breast,intact,-0.5152262019602728
STAG2_to_STAG1,KY,ACH-000855,Esophagus/Stomach,intact,-0.09258616150191135
PDS5B_to_PDS5A,KY,ACH-000855,Esophagus/Stomach,intact,0.01665506625370781
STAG2_to_STAG1,KY,ACH-000856,Breast,intact,-0.38729105316348195
PDS5B_to_PDS5A,KY,ACH-000856,Breast,damaging,-1.6311430107579397
STAG2_to_STAG1,KY,ACH-000858,Lung,intact,0.05591609060261449
PDS5B_to_PDS5A,KY,ACH-000858,Lung,intact,0.11438712976668546
STAG2_to_STAG1,KY,ACH-000859,Breast,intact,0.22411992254379384
PDS5B_to_PDS5A,KY,ACH-000859,Breast,intact,-1.4453399683042518
STAG2_to_STAG1,KY,ACH-000860,Lung,intact,0.0800108333809758
PDS5B_to_PDS5A,KY,ACH-000860,Lung,intact,-0.0075588918335707245
STAG2_to_STAG1,KY,ACH-000861,Lung,intact,-1.0341656300324444
PDS5B_to_PDS5A,KY,ACH-000861,Lung,intact,-0.6564724505707044
STAG2_to_STAG1,KY,ACH-000863,CNS/Brain,intact,-0.40400702382167264
PDS5B_to_PDS5A,KY,ACH-000863,CNS/Brain,intact,-0.15902173260157015
STAG2_to_STAG1,KY,ACH-000864,Uterus,intact,-0.12974522040966985
PDS5B_to_PDS5A,KY,ACH-000864,Uterus,damaging,-0.23393128799879653
STAG2_to_STAG1,KY,ACH-000865,Esophagus/Stomach,intact,-0.1927356728372225
PDS5B_to_PDS5A,KY,ACH-000865,Esophagus/Stomach,intact,0.055381073002554716
STAG2_to_STAG1,KY,ACH-000869,Lung,intact,0.1928480104344968
PDS5B_to_PDS5A,KY,ACH-000869,Lung,intact,-0.20596183702397308
STAG2_to_STAG1,KY,ACH-000873,Esophagus/Stomach,intact,-1.8625020869654447
PDS5B_to_PDS5A,KY,ACH-000873,Esophagus/Stomach,intact,-0.24665741925674597
STAG2_to_STAG1,KY,ACH-000876,Breast,intact,0.06205187431877438
PDS5B_to_PDS5A,KY,ACH-000876,Breast,intact,0.12345665349522177
STAG2_to_STAG1,KY,ACH-000878,Lung,intact,0.5083060929888643
PDS5B_to_PDS5A,KY,ACH-000878,Lung,intact,-0.030775170931483433
STAG2_to_STAG1,KY,ACH-000879,Uterus,intact,-0.8714833152582298
PDS5B_to_PDS5A,KY,ACH-000879,Uterus,intact,-0.08531147188497397
STAG2_to_STAG1,KY,ACH-000880,Esophagus/Stomach,intact,-0.2169844527745787
PDS5B_to_PDS5A,KY,ACH-000880,Esophagus/Stomach,intact,0.15490857816082124
STAG2_to_STAG1,KY,ACH-000885,Ovary/Fallopian Tube,intact,0.062250319787303554
PDS5B_to_PDS5A,KY,ACH-000885,Ovary/Fallopian Tube,damaging,-0.47444711352073105
STAG2_to_STAG1,KY,ACH-000894,Lung,intact,0.17640880796341454
PDS5B_to_PDS5A,KY,ACH-000894,Lung,intact,-0.2872674044327083
STAG2_to_STAG1,KY,ACH-000900,Lung,intact,0.15951163791520406
PDS5B_to_PDS5A,KY,ACH-000900,Lung,intact,-0.2069256908984374
STAG2_to_STAG1,KY,ACH-000906,Ovary/Fallopian Tube,intact,-0.3077016158009877
PDS5B_to_PDS5A,KY,ACH-000906,Ovary/Fallopian Tube,intact,-0.26507661398625987
STAG2_to_STAG1,KY,ACH-000910,Breast,intact,-0.29955578881065914
PDS5B_to_PDS5A,KY,ACH-000910,Breast,intact,0.5523306209506865
STAG2_to_STAG1,KY,ACH-000911,Esophagus/Stomach,intact,0.31555484794582384
PDS5B_to_PDS5A,KY,ACH-000911,Esophagus/Stomach,intact,-4.420978724835174
STAG2_to_STAG1,KY,ACH-000913,Uterus,intact,-0.37195376009458603
PDS5B_to_PDS5A,KY,ACH-000913,Uterus,intact,-0.873140249781522
STAG2_to_STAG1,KY,ACH-000917,Esophagus/Stomach,intact,0.050102934286493615
PDS5B_to_PDS5A,KY,ACH-000917,Esophagus/Stomach,intact,-0.10392881419611244
STAG2_to_STAG1,KY,ACH-000919,Esophagus/Stomach,intact,-0.5958908703062098
PDS5B_to_PDS5A,KY,ACH-000919,Esophagus/Stomach,intact,-0.41133052249549984
STAG2_to_STAG1,KY,ACH-000926,Bowel,intact,0.35560745055462767
PDS5B_to_PDS5A,KY,ACH-000926,Bowel,intact,-0.47005845748753416
STAG2_to_STAG1,KY,ACH-000932,Esophagus/Stomach,intact,-0.7818282990966338
PDS5B_to_PDS5A,KY,ACH-000932,Esophagus/Stomach,intact,-0.27536829657327283
STAG2_to_STAG1,KY,ACH-000934,Breast,intact,0.06542063493954924
PDS5B_to_PDS5A,KY,ACH-000934,Breast,intact,-0.26950053485807235
STAG2_to_STAG1,KY,ACH-000935,Bowel,intact,-1.0724924582661683
PDS5B_to_PDS5A,KY,ACH-000935,Bowel,intact,-0.651050540732342
STAG2_to_STAG1,KY,ACH-000936,Ovary/Fallopian Tube,intact,-0.2136925680536923
PDS5B_to_PDS5A,KY,ACH-000936,Ovary/Fallopian Tube,intact,-0.08964738042509167
STAG2_to_STAG1,KY,ACH-000943,Bowel,intact,-0.40444023928887113
PDS5B_to_PDS5A,KY,ACH-000943,Bowel,intact,-0.008076248180762255
STAG2_to_STAG1,KY,ACH-000945,Lung,intact,-0.31063615381975407
PDS5B_to_PDS5A,KY,ACH-000945,Lung,intact,-0.5929646745406754
STAG2_to_STAG1,KY,ACH-000947,Ovary/Fallopian Tube,intact,-0.11095652622167873
PDS5B_to_PDS5A,KY,ACH-000947,Ovary/Fallopian Tube,damaging,-2.856875239231094
STAG2_to_STAG1,KY,ACH-000948,Esophagus/Stomach,damaging,-0.895969026224093
PDS5B_to_PDS5A,KY,ACH-000948,Esophagus/Stomach,intact,-0.3110966314089247
STAG2_to_STAG1,KY,ACH-000950,Bowel,intact,-0.1526823849321921
PDS5B_to_PDS5A,KY,ACH-000950,Bowel,intact,-0.7494223760873865
STAG2_to_STAG1,KY,ACH-000956,Prostate,intact,-0.23159099595924762
PDS5B_to_PDS5A,KY,ACH-000956,Prostate,damaging,-1.9526362831901949
STAG2_to_STAG1,KY,ACH-000957,Bowel,intact,-0.41032938527582186
PDS5B_to_PDS5A,KY,ACH-000957,Bowel,intact,0.08603266463331811
STAG2_to_STAG1,KY,ACH-000958,Bowel,intact,-0.22888482500352703
PDS5B_to_PDS5A,KY,ACH-000958,Bowel,intact,-0.26417911283579704
STAG2_to_STAG1,KY,ACH-000962,Ovary/Fallopian Tube,intact,-0.8016595480470707
PDS5B_to_PDS5A,KY,ACH-000962,Ovary/Fallopian Tube,intact,-2.4468487540864348
STAG2_to_STAG1,KY,ACH-000965,Uterus,intact,0.03482561606150551
PDS5B_to_PDS5A,KY,ACH-000965,Uterus,damaging,-1.2441773740372903
STAG2_to_STAG1,KY,ACH-000966,Ovary/Fallopian Tube,intact,0.3674770591016768
PDS5B_to_PDS5A,KY,ACH-000966,Ovary/Fallopian Tube,intact,-0.25144955003944075
STAG2_to_STAG1,KY,ACH-000969,Bowel,intact,-0.555806279523965
PDS5B_to_PDS5A,KY,ACH-000969,Bowel,intact,-0.22105078615708465
STAG2_to_STAG1,KY,ACH-000970,Bowel,intact,-0.3735766567809489
PDS5B_to_PDS5A,KY,ACH-000970,Bowel,intact,-0.07404643263285852
STAG2_to_STAG1,KY,ACH-000971,Bowel,intact,-0.5463333784200276
PDS5B_to_PDS5A,KY,ACH-000971,Bowel,damaging,-0.39636153694444703
STAG2_to_STAG1,KY,ACH-000974,Uterus,intact,-0.31612562871986205
PDS5B_to_PDS5A,KY,ACH-000974,Uterus,intact,-0.18415061057275792
STAG2_to_STAG1,KY,ACH-000977,Prostate,intact,-0.7347521819446925
PDS5B_to_PDS5A,KY,ACH-000977,Prostate,intact,-0.6724894120148678
STAG2_to_STAG1,KY,ACH-000979,Prostate,intact,-0.34238563145224
PDS5B_to_PDS5A,KY,ACH-000979,Prostate,intact,0.20816095248694313
STAG2_to_STAG1,KY,ACH-000980,Lung,damaging,-0.13273555028405862
PDS5B_to_PDS5A,KY,ACH-000980,Lung,intact,-0.3793625523399198
STAG2_to_STAG1,KY,ACH-000985,Bowel,intact,0.3363810975071202
PDS5B_to_PDS5A,KY,ACH-000985,Bowel,intact,-0.3538893837450637
STAG2_to_STAG1,KY,ACH-000991,Bowel,intact,-1.2007322660090594
PDS5B_to_PDS5A,KY,ACH-000991,Bowel,intact,-1.549686021207605
STAG2_to_STAG1,KY,ACH-000997,Bowel,intact,-0.2782733336715582
PDS5B_to_PDS5A,KY,ACH-000997,Bowel,intact,0.02162091413443064
STAG2_to_STAG1,KY,ACH-001016,CNS/Brain,intact,-0.5290819803685012
PDS5B_to_PDS5A,KY,ACH-001016,CNS/Brain,intact,-0.04805443351147651
STAG2_to_STAG1,KY,ACH-001039,Bowel,intact,-1.0660532014904993
PDS5B_to_PDS5A,KY,ACH-001039,Bowel,intact,-2.0247902312369024
STAG2_to_STAG1,KY,ACH-001063,Ovary/Fallopian Tube,intact,0.13559702930933015
PDS5B_to_PDS5A,KY,ACH-001063,Ovary/Fallopian Tube,intact,-0.2585393679791543
STAG2_to_STAG1,KY,ACH-001065,Breast,intact,-0.22350987094721306
PDS5B_to_PDS5A,KY,ACH-001065,Breast,intact,-1.7277739058032842
STAG2_to_STAG1,KY,ACH-001081,Bowel,damaging,-0.5235482052175685
PDS5B_to_PDS5A,KY,ACH-001081,Bowel,damaging,-0.3271183425636835
STAG2_to_STAG1,KY,ACH-001107,Pancreas,intact,-0.5822797084637447
PDS5B_to_PDS5A,KY,ACH-001107,Pancreas,intact,-0.7574151148987877
STAG2_to_STAG1,KY,ACH-001126,CNS/Brain,damaging,-3.4412966935871387
PDS5B_to_PDS5A,KY,ACH-001126,CNS/Brain,intact,-0.010548231306747119
STAG2_to_STAG1,KY,ACH-001137,Lung,intact,-0.14073018164535378
PDS5B_to_PDS5A,KY,ACH-001137,Lung,intact,0.38461076343728556
STAG2_to_STAG1,KY,ACH-001151,Ovary/Fallopian Tube,intact,-0.3607499099756562
PDS5B_to_PDS5A,KY,ACH-001151,Ovary/Fallopian Tube,intact,0.041371028522642746
STAG2_to_STAG1,KY,ACH-001190,Skin,intact,-0.3422362570741944
PDS5B_to_PDS5A,KY,ACH-001190,Skin,intact,-0.7063951561357841
STAG2_to_STAG1,KY,ACH-001193,Bone,intact,-0.5971985980758898
PDS5B_to_PDS5A,KY,ACH-001193,Bone,intact,0.4315979466728477
STAG2_to_STAG1,KY,ACH-001233,Lung,intact,0.0959887926304178
PDS5B_to_PDS5A,KY,ACH-001233,Lung,intact,-0.8595448388512592
STAG2_to_STAG1,KY,ACH-001331,Head and Neck,intact,-0.34631412197594563
PDS5B_to_PDS5A,KY,ACH-001331,Head and Neck,intact,-0.22844196375445347
STAG2_to_STAG1,KY,ACH-001332,Head and Neck,intact,-0.6065170189529153
PDS5B_to_PDS5A,KY,ACH-001332,Head and Neck,intact,-1.0451621754729004
STAG2_to_STAG1,KY,ACH-001345,Bowel,intact,-0.7313436523173742
PDS5B_to_PDS5A,KY,ACH-001345,Bowel,damaging,-1.1910729273703649
STAG2_to_STAG1,KY,ACH-001368,Esophagus/Stomach,intact,-0.0722338787375232
PDS5B_to_PDS5A,KY,ACH-001368,Esophagus/Stomach,intact,-1.0120316538532694
STAG2_to_STAG1,KY,ACH-001399,Bowel,intact,0.1503154475070563
PDS5B_to_PDS5A,KY,ACH-001399,Bowel,intact,-0.7772511588945293
STAG2_to_STAG1,KY,ACH-001418,Ovary/Fallopian Tube,intact,0.022454210373303862
PDS5B_to_PDS5A,KY,ACH-001418,Ovary/Fallopian Tube,intact,0.016382467725252686
STAG2_to_STAG1,KY,ACH-001494,Biliary Tract,intact,-0.18776176992131863
PDS5B_to_PDS5A,KY,ACH-001494,Biliary Tract,intact,-0.5184782861801817
STAG2_to_STAG1,KY,ACH-001496,Esophagus/Stomach,intact,0.005877697965731815
PDS5B_to_PDS5A,KY,ACH-001496,Esophagus/Stomach,intact,0.2892748044522813
STAG2_to_STAG1,KY,ACH-001497,Esophagus/Stomach,intact,-0.9497394388535163
PDS5B_to_PDS5A,KY,ACH-001497,Esophagus/Stomach,intact,0.2301049094393528
STAG2_to_STAG1,KY,ACH-001500,Esophagus/Stomach,intact,-0.47142584999476495
PDS5B_to_PDS5A,KY,ACH-001500,Esophagus/Stomach,intact,-0.36163397615009485
STAG2_to_STAG1,KY,ACH-001517,Uterus,damaging,-0.31705996864627756
PDS5B_to_PDS5A,KY,ACH-001517,Uterus,intact,-0.28569742750608407
STAG2_to_STAG1,KY,ACH-001542,Head and Neck,intact,-0.8211701105173468
PDS5B_to_PDS5A,KY,ACH-001542,Head and Neck,intact,-0.5376403784741465
STAG2_to_STAG1,KY,ACH-001544,Esophagus/Stomach,intact,-0.20792449943891178
PDS5B_to_PDS5A,KY,ACH-001544,Esophagus/Stomach,intact,-0.5892692685409867
STAG2_to_STAG1,KY,ACH-001603,Peripheral Nervous System,intact,0.04778267585618504
PDS5B_to_PDS5A,KY,ACH-001603,Peripheral Nervous System,intact,-0.6012764839476805
STAG2_to_STAG1,KY,ACH-001605,CNS/Brain,intact,-0.0734065194795823
PDS5B_to_PDS5A,KY,ACH-001605,CNS/Brain,intact,-0.09067460330418828
STAG2_to_STAG1,KY,ACH-001606,CNS/Brain,intact,-0.2204636369543084
PDS5B_to_PDS5A,KY,ACH-001606,CNS/Brain,intact,-0.2652314854689819
STAG2_to_STAG1,KY,ACH-001625,Head and Neck,intact,-0.5038798015039943
PDS5B_to_PDS5A,KY,ACH-001625,Head and Neck,intact,-0.010468930068547516
STAG2_to_STAG1,KY,ACH-001626,Head and Neck,intact,-0.08326552468429327
PDS5B_to_PDS5A,KY,ACH-001626,Head and Neck,intact,-0.39407564275532453
STAG2_to_STAG1,KY,ACH-001630,Ovary/Fallopian Tube,intact,0.15173840775507358
PDS5B_to_PDS5A,KY,ACH-001630,Ovary/Fallopian Tube,intact,-0.16490274652624118
STAG2_to_STAG1,KY,ACH-001632,Ovary/Fallopian Tube,intact,-0.15745738889163796
PDS5B_to_PDS5A,KY,ACH-001632,Ovary/Fallopian Tube,intact,0.016424098534525176
STAG2_to_STAG1,KY,ACH-001639,Lymphoid,intact,0.36160776091079166
PDS5B_to_PDS5A,KY,ACH-001639,Lymphoid,intact,0.07296468746323186
STAG2_to_STAG1,KY,ACH-001654,Esophagus/Stomach,intact,0.08595139131969222
PDS5B_to_PDS5A,KY,ACH-001654,Esophagus/Stomach,intact,-0.013714488375336545
STAG2_to_STAG1,KY,ACH-001674,Peripheral Nervous System,intact,-0.05176550437088195
PDS5B_to_PDS5A,KY,ACH-001674,Peripheral Nervous System,intact,-0.39755212047880845
STAG2_to_STAG1,KY,ACH-001715,Bone,intact,-0.49551037251940294
PDS5B_to_PDS5A,KY,ACH-001715,Bone,intact,-0.47163830606341767
STAG2_to_STAG1,KY,ACH-001819,Breast,intact,0.007599544580863538
PDS5B_to_PDS5A,KY,ACH-001819,Breast,intact,-1.3957313926999981
STAG2_to_STAG1,KY,ACH-001820,Breast,intact,-0.16655879936465448
PDS5B_to_PDS5A,KY,ACH-001820,Breast,intact,-1.4735983086894644
STAG2_to_STAG1,KY,ACH-002029,Head and Neck,intact,-0.2143984574513015
PDS5B_to_PDS5A,KY,ACH-002029,Head and Neck,intact,0.47600449117998456
STAG2_to_STAG1,KY,ACH-002043,Head and Neck,intact,-0.042989467300940165
PDS5B_to_PDS5A,KY,ACH-002043,Head and Neck,intact,0.2762638431452747
STAG2_to_STAG1,KY,ACH-002045,Head and Neck,intact,0.44921617273803943
PDS5B_to_PDS5A,KY,ACH-002045,Head and Neck,intact,-0.017203386504938373
STAG2_to_STAG1,KY,ACH-002083,Peripheral Nervous System,intact,0.23548655622243678
PDS5B_to_PDS5A,KY,ACH-002083,Peripheral Nervous System,intact,0.1446521389849166
STAG2_to_STAG1,KY,ACH-002105,Bone,intact,-0.5061465848121829
PDS5B_to_PDS5A,KY,ACH-002105,Bone,intact,-1.0260376155995024
STAG2_to_STAG1,KY,ACH-002106,Bone,damaging,-2.4522407480637596
PDS5B_to_PDS5A,KY,ACH-002106,Bone,intact,-0.24604000455752542
STAG2_to_STAG1,KY,ACH-002109,Bone,intact,-3.1747713398469792
PDS5B_to_PDS5A,KY,ACH-002109,Bone,intact,-0.7405864881995217
STAG2_to_STAG1,KY,ACH-002110,Bone,intact,0.006895512399704318
PDS5B_to_PDS5A,KY,ACH-002110,Bone,intact,-0.23980267167877797
STAG2_to_STAG1,KY,ACH-002114,Bone,intact,-0.2516619839586163
PDS5B_to_PDS5A,KY,ACH-002114,Bone,intact,-0.8853095787605355
STAG2_to_STAG1,KY,ACH-002116,Bone,damaging,-2.5585650245254494
PDS5B_to_PDS5A,KY,ACH-002116,Bone,intact,-0.5564613101257659
STAG2_to_STAG1,KY,ACH-002119,Bone,intact,-0.44756043357422026
PDS5B_to_PDS5A,KY,ACH-002119,Bone,intact,-0.3954672300068564
STAG2_to_STAG1,KY,ACH-002140,Ovary/Fallopian Tube,intact,-0.198752588874358
PDS5B_to_PDS5A,KY,ACH-002140,Ovary/Fallopian Tube,intact,-1.3544663671094446
STAG2_to_STAG1,KY,ACH-002141,Esophagus/Stomach,intact,0.26722809651596285
PDS5B_to_PDS5A,KY,ACH-002141,Esophagus/Stomach,intact,-0.15285638071630786
STAG2_to_STAG1,KY,ACH-002143,Skin,intact,0.03466761172169613
PDS5B_to_PDS5A,KY,ACH-002143,Skin,intact,-0.45072048168663786
STAG2_to_STAG1,KY,ACH-002150,Kidney,intact,0.308105928235909
PDS5B_to_PDS5A,KY,ACH-002150,Kidney,intact,-0.023305154031355673
STAG2_to_STAG1,KY,ACH-002156,Lung,intact,-0.08573862203811328
PDS5B_to_PDS5A,KY,ACH-002156,Lung,intact,0.17419362452875373
STAG2_to_STAG1,KY,ACH-002160,Bone,intact,-1.107224414533933
PDS5B_to_PDS5A,KY,ACH-002160,Bone,intact,-1.1789051631815382
STAG2_to_STAG1,KY,ACH-002161,Esophagus/Stomach,intact,-0.47934301327418743
PDS5B_to_PDS5A,KY,ACH-002161,Esophagus/Stomach,intact,-0.46858766656157935
STAG2_to_STAG1,KY,ACH-002179,Breast,intact,-2.425283811715799
PDS5B_to_PDS5A,KY,ACH-002179,Breast,intact,-1.410568946001953
STAG2_to_STAG1,KY,ACH-002181,Ovary/Fallopian Tube,intact,-0.314536722854184
PDS5B_to_PDS5A,KY,ACH-002181,Ovary/Fallopian Tube,intact,0.425507036258858
STAG2_to_STAG1,KY,ACH-002183,Ovary/Fallopian Tube,intact,-0.12157843809417561
PDS5B_to_PDS5A,KY,ACH-002183,Ovary/Fallopian Tube,intact,0.07142495413804881
STAG2_to_STAG1,KY,ACH-002186,Pancreas,intact,-0.8560138722695569
PDS5B_to_PDS5A,KY,ACH-002186,Pancreas,intact,-0.48630001002110335
STAG2_to_STAG1,KY,ACH-002189,Kidney,intact,0.07748145899220817
PDS5B_to_PDS5A,KY,ACH-002189,Kidney,intact,0.25998120467997204
STAG2_to_STAG1,KY,ACH-002198,Other,intact,-0.5920943319164866
PDS5B_to_PDS5A,KY,ACH-002198,Other,intact,0.1565207406992952
STAG2_to_STAG1,KY,ACH-002202,Esophagus/Stomach,intact,0.07794744868851687
PDS5B_to_PDS5A,KY,ACH-002202,Esophagus/Stomach,intact,-2.188141627222089
STAG2_to_STAG1,KY,ACH-002210,Myeloid,intact,-0.6172603552056494
PDS5B_to_PDS5A,KY,ACH-002210,Myeloid,intact,0.2148882924454478
STAG2_to_STAG1,KY,ACH-002212,Head and Neck,intact,-1.3228348957862852
PDS5B_to_PDS5A,KY,ACH-002212,Head and Neck,intact,-0.050680967863293826
STAG2_to_STAG1,KY,ACH-002228,CNS/Brain,intact,0.16229671351282862
PDS5B_to_PDS5A,KY,ACH-002228,CNS/Brain,damaging,0.46202626286338316
STAG2_to_STAG1,KY,ACH-002229,CNS/Brain,intact,0.08250483212406057
PDS5B_to_PDS5A,KY,ACH-002229,CNS/Brain,intact,-0.46604273935773044
STAG2_to_STAG1,KY,ACH-002230,CNS/Brain,intact,0.1454911032513416
PDS5B_to_PDS5A,KY,ACH-002230,CNS/Brain,intact,-0.23052794708052285
STAG2_to_STAG1,KY,ACH-002233,Bowel,intact,-0.18394078536419042
PDS5B_to_PDS5A,KY,ACH-002233,Bowel,intact,0.380714010948449
STAG2_to_STAG1,KY,ACH-002234,Head and Neck,intact,-0.5372585243098209
PDS5B_to_PDS5A,KY,ACH-002234,Head and Neck,intact,-0.06817335948306545
STAG2_to_STAG1,KY,ACH-002239,Head and Neck,intact,-0.7728817689483868
PDS5B_to_PDS5A,KY,ACH-002239,Head and Neck,intact,-1.5625136279424108
STAG2_to_STAG1,KY,ACH-002243,Esophagus/Stomach,intact,-0.6270438013685596
PDS5B_to_PDS5A,KY,ACH-002243,Esophagus/Stomach,intact,-0.19078858923920652
STAG2_to_STAG1,KY,ACH-002247,Myeloid,intact,0.001518894565087166
PDS5B_to_PDS5A,KY,ACH-002247,Myeloid,intact,-1.8343648317724233
STAG2_to_STAG1,KY,ACH-002249,Head and Neck,intact,-0.3489842829607393
PDS5B_to_PDS5A,KY,ACH-002249,Head and Neck,intact,0.14856990484872679
STAG2_to_STAG1,KY,ACH-002250,Head and Neck,intact,-0.39764906896878566
PDS5B_to_PDS5A,KY,ACH-002250,Head and Neck,intact,-0.7710148662205002
STAG2_to_STAG1,KY,ACH-002251,Head and Neck,intact,0.0420303076358043
PDS5B_to_PDS5A,KY,ACH-002251,Head and Neck,intact,-0.5286656923996579
STAG2_to_STAG1,KY,ACH-002257,CNS/Brain,intact,0.07612650507303881
PDS5B_to_PDS5A,KY,ACH-002257,CNS/Brain,intact,-0.3245208307642749
STAG2_to_STAG1,KY,ACH-002261,Peripheral Nervous System,intact,-0.24041814191709698
PDS5B_to_PDS5A,KY,ACH-002261,Peripheral Nervous System,intact,-0.2608195498254124
STAG2_to_STAG1,KY,ACH-002263,Esophagus/Stomach,intact,-0.041890355962468866
PDS5B_to_PDS5A,KY,ACH-002263,Esophagus/Stomach,intact,-0.20560935995810378
STAG2_to_STAG1,KY,ACH-002265,Head and Neck,intact,-0.4499184174827657
PDS5B_to_PDS5A,KY,ACH-002265,Head and Neck,damaging,-0.04724831365467872
STAG2_to_STAG1,KY,ACH-002269,CNS/Brain,intact,-0.05694937669476968
PDS5B_to_PDS5A,KY,ACH-002269,CNS/Brain,intact,-0.13729032857463566
STAG2_to_STAG1,KY,ACH-002278,Peripheral Nervous System,intact,0.30710919774847323
PDS5B_to_PDS5A,KY,ACH-002278,Peripheral Nervous System,intact,0.06907238253918982
STAG2_to_STAG1,KY,ACH-002280,Peripheral Nervous System,intact,0.005692800244182357
PDS5B_to_PDS5A,KY,ACH-002280,Peripheral Nervous System,intact,-0.01738801510202853
STAG2_to_STAG1,KY,ACH-002282,Peripheral Nervous System,intact,-0.15760314167082798
PDS5B_to_PDS5A,KY,ACH-002282,Peripheral Nervous System,intact,0.07001953823440639
STAG2_to_STAG1,KY,ACH-002283,Peripheral Nervous System,intact,-0.10074958690265928
PDS5B_to_PDS5A,KY,ACH-002283,Peripheral Nervous System,intact,-1.5848198923286363
STAG2_to_STAG1,KY,ACH-002284,Peripheral Nervous System,intact,0.4321639518985765
PDS5B_to_PDS5A,KY,ACH-002284,Peripheral Nervous System,intact,0.21808363402435985
STAG2_to_STAG1,KY,ACH-002285,Peripheral Nervous System,intact,0.03976918101671945
PDS5B_to_PDS5A,KY,ACH-002285,Peripheral Nervous System,intact,0.10568045334350984
STAG2_to_STAG1,KY,ACH-002294,Head and Neck,intact,0.18341260370237342
PDS5B_to_PDS5A,KY,ACH-002294,Head and Neck,intact,-0.0544168817441593
STAG2_to_STAG1,KY,ACH-002295,Head and Neck,intact,-0.19611819306960085
PDS5B_to_PDS5A,KY,ACH-002295,Head and Neck,intact,-0.060322501108151884
STAG2_to_STAG1,KY,ACH-002296,Head and Neck,intact,-0.11465953853223466
PDS5B_to_PDS5A,KY,ACH-002296,Head and Neck,intact,-0.32735165372815206
STAG2_to_STAG1,KY,ACH-002297,Head and Neck,intact,-0.2331306043243698
PDS5B_to_PDS5A,KY,ACH-002297,Head and Neck,intact,-0.36332472506044117
STAG2_to_STAG1,KY,ACH-002298,Head and Neck,intact,-0.17865840183924123
PDS5B_to_PDS5A,KY,ACH-002298,Head and Neck,intact,0.2312330153709326
STAG2_to_STAG1,KY,ACH-002304,CNS/Brain,intact,0.04337172990219511
PDS5B_to_PDS5A,KY,ACH-002304,CNS/Brain,intact,-0.20628086348383146
STAG2_to_STAG1,KY,ACH-002305,Head and Neck,intact,-0.13405216457791339
PDS5B_to_PDS5A,KY,ACH-002305,Head and Neck,intact,-0.3627491013572984
